-- MySQL dump 10.13  Distrib 5.7.27, for linux-glibc2.12 (x86_64)
--
-- Host: localhost    Database: dl_ditui
-- ------------------------------------------------------
-- Server version	5.7.27-log

/*!40101 SET @OLD_CHARACTER_SET_CLIENT=@@CHARACTER_SET_CLIENT */;
/*!40101 SET @OLD_CHARACTER_SET_RESULTS=@@CHARACTER_SET_RESULTS */;
/*!40101 SET @OLD_COLLATION_CONNECTION=@@COLLATION_CONNECTION */;
/*!40101 SET NAMES utf8 */;
/*!40103 SET @OLD_TIME_ZONE=@@TIME_ZONE */;
/*!40103 SET TIME_ZONE='+00:00' */;
/*!40014 SET @OLD_UNIQUE_CHECKS=@@UNIQUE_CHECKS, UNIQUE_CHECKS=0 */;
/*!40014 SET @OLD_FOREIGN_KEY_CHECKS=@@FOREIGN_KEY_CHECKS, FOREIGN_KEY_CHECKS=0 */;
/*!40101 SET @OLD_SQL_MODE=@@SQL_MODE, SQL_MODE='NO_AUTO_VALUE_ON_ZERO' */;
/*!40111 SET @OLD_SQL_NOTES=@@SQL_NOTES, SQL_NOTES=0 */;

--
-- Table structure for table `sd_account_log`
--

DROP TABLE IF EXISTS `sd_account_log`;
/*!40101 SET @saved_cs_client     = @@character_set_client */;
/*!40101 SET character_set_client = utf8 */;
CREATE TABLE `sd_account_log` (
  `id` int(11) unsigned NOT NULL AUTO_INCREMENT COMMENT '日志id',
  `user_type` tinyint(1) DEFAULT '1' COMMENT '用户类型 1业务员 2商家 3管理员',
  `user_id` int(10) DEFAULT NULL COMMENT '用户ID',
  `old_money` decimal(10,2) NOT NULL DEFAULT '0.00' COMMENT '原来金额',
  `exc_money` decimal(10,2) NOT NULL DEFAULT '0.00' COMMENT '操作金额',
  `user_money` decimal(10,2) NOT NULL DEFAULT '0.00' COMMENT '变更后金额',
  `desc` varchar(255) NOT NULL COMMENT '描述',
  `create_time` int(10) unsigned NOT NULL COMMENT '变动时间',
  `delete_time` int(10) DEFAULT NULL,
  `task_id` int(10) DEFAULT NULL COMMENT '任务',
  `plan_id` int(10) DEFAULT NULL COMMENT '计划ID',
  `order_id` int(10) DEFAULT NULL,
  `type` tinyint(1) DEFAULT '0' COMMENT '0 未分类 1佣金 2充值 3退款 4提现',
  `operate` tinyint(1) DEFAULT '1' COMMENT '操作类型 1增加 2减少',
  PRIMARY KEY (`id`),
  KEY `user_type` (`user_type`),
  KEY `user_id` (`user_id`)
) ENGINE=InnoDB AUTO_INCREMENT=369 DEFAULT CHARSET=utf8 COMMENT='资金变动表';
/*!40101 SET character_set_client = @saved_cs_client */;

--
-- Dumping data for table `sd_account_log`
--

LOCK TABLES `sd_account_log` WRITE;
/*!40000 ALTER TABLE `sd_account_log` DISABLE KEYS */;
INSERT INTO `sd_account_log` VALUES (1,2,1,2642.00,3000.00,5642.00,'用户充值',1574323367,NULL,NULL,0,NULL,2,1),(2,3,1,99999999.00,3000.00,99996999.00,'扣除商户充值金额',1574323367,NULL,NULL,0,NULL,2,2),(3,2,1,5642.00,10.00,5632.00,'发布计划，扣除佣金[计划编号:11]',1574325531,NULL,NULL,11,NULL,1,2),(4,2,1,5632.00,6.00,5626.00,'发布计划，扣除佣金[计划编号:12]',1574325531,NULL,NULL,12,NULL,1,2),(5,2,1,5626.00,2.00,5624.00,'发布计划，扣除佣金[计划编号:1]',1574327827,NULL,NULL,1,NULL,1,2),(6,2,1,5624.00,2.00,5622.00,'发布计划，扣除佣金[计划编号:2]',1574327827,NULL,NULL,2,NULL,1,2),(7,2,1,5622.00,6.00,5616.00,'发布计划，扣除佣金[计划编号:3]',1574327878,NULL,NULL,3,NULL,1,2),(8,2,1,5616.00,4.00,5612.00,'发布计划，扣除佣金[计划编号:4]',1574327878,NULL,NULL,4,NULL,1,2),(10,2,1,5612.00,4.00,5616.00,'计划未通过审核，退还佣金[计划编号:4]',1574332507,NULL,NULL,4,NULL,1,1),(13,2,1,5616.00,2.00,5618.00,'取消计划，退还佣金[计划编号:2]',1574385618,NULL,NULL,2,NULL,1,1),(14,2,1,5618.00,6.00,5624.00,'取消计划，退还佣金[计划编号:3]',1574385618,NULL,NULL,3,NULL,1,1),(15,2,1,5624.00,4.00,5620.00,'发布计划，扣除佣金[计划编号:5]',1574386076,NULL,NULL,5,NULL,1,2),(16,2,1,5620.00,6.00,5614.00,'发布计划，扣除佣金[计划编号:6]',1574386076,NULL,NULL,6,NULL,1,2),(17,2,1,5614.00,10.00,5604.00,'发布计划，扣除佣金[计划编号:1]',1574387264,NULL,NULL,1,NULL,1,2),(18,2,1,5604.00,6.00,5598.00,'发布计划，扣除佣金[计划编号:2]',1574387264,NULL,NULL,2,NULL,1,2),(19,2,1,5598.00,2.00,5596.00,'发布计划，扣除佣金[计划编号:3]',1574387264,NULL,NULL,3,NULL,1,2),(20,2,1,5596.00,12.00,5584.00,'发布计划，扣除佣金[计划编号:4]',1574393272,NULL,NULL,4,NULL,1,2),(21,2,1,5584.00,8.00,5576.00,'发布计划，扣除佣金[计划编号:5]',1574393272,NULL,NULL,5,NULL,1,2),(22,2,2,0.00,9000.00,9000.00,'用户充值',1574393530,NULL,NULL,0,NULL,2,1),(23,3,1,99996999.00,9000.00,99987999.00,'扣除商户充值金额',1574393530,NULL,NULL,0,NULL,2,2),(24,2,2,9000.00,40.00,8960.00,'发布计划，扣除佣金[计划编号:7]',1574393538,NULL,NULL,7,NULL,1,2),(25,2,2,8960.00,18.00,8942.00,'发布计划，扣除佣金[计划编号:8]',1574393538,NULL,NULL,8,NULL,1,2),(26,2,2,8942.00,24.00,8918.00,'发布计划，扣除佣金[计划编号:9]',1574393538,NULL,NULL,9,NULL,1,2),(27,2,1,5576.00,8.00,5584.00,'取消计划，退还佣金[计划编号:5]',1574402358,NULL,NULL,5,NULL,1,1),(28,2,2,8918.00,6.00,8912.00,'发布计划，扣除佣金[计划编号:10]',1574411014,NULL,NULL,10,NULL,1,2),(29,2,2,8912.00,6.00,8906.00,'发布计划，扣除佣金[计划编号:11]',1574411024,NULL,NULL,11,NULL,1,2),(30,2,2,8906.00,18.00,8888.00,'发布计划，扣除佣金[计划编号:12]',1574411042,NULL,NULL,12,NULL,1,2),(31,2,2,8888.00,10.00,8878.00,'发布计划，扣除佣金[计划编号:13]',1574411042,NULL,NULL,13,NULL,1,2),(32,2,1,5584.00,2.00,5582.00,'发布计划，扣除佣金[计划编号:14]',1574650344,NULL,NULL,14,NULL,1,2),(33,2,1,5582.00,2.00,5580.00,'发布计划，扣除佣金[计划编号:15]',1574650344,NULL,NULL,15,NULL,1,2),(34,2,1,5580.00,14.00,5566.00,'发布计划，扣除佣金[计划编号:1]',1574650482,NULL,NULL,1,NULL,1,2),(35,2,1,5566.00,8.00,5558.00,'发布计划，扣除佣金[计划编号:2]',1574650482,NULL,NULL,2,NULL,1,2),(36,2,1,5558.00,14.00,5544.00,'发布计划，扣除佣金[计划编号:3]',1574650504,NULL,NULL,3,NULL,1,2),(37,2,1,5544.00,8.00,5536.00,'发布计划，扣除佣金[计划编号:4]',1574650504,NULL,NULL,4,NULL,1,2),(38,2,2,8878.00,60.00,8818.00,'发布计划，扣除佣金[计划编号:5]',1574650562,NULL,NULL,5,NULL,1,2),(39,2,2,8818.00,24.00,8794.00,'发布计划，扣除佣金[计划编号:6]',1574650562,NULL,NULL,6,NULL,1,2),(40,2,2,8794.00,24.00,8770.00,'发布计划，扣除佣金[计划编号:7]',1574650562,NULL,NULL,7,NULL,1,2),(41,2,2,8770.00,6.00,8764.00,'发布计划，扣除佣金[计划编号:8]',1574650570,NULL,NULL,8,NULL,1,2),(42,2,2,8764.00,8.00,8756.00,'发布计划，扣除佣金[计划编号:9]',1574650578,NULL,NULL,9,NULL,1,2),(43,2,2,8756.00,8.00,8748.00,'发布计划，扣除佣金[计划编号:10]',1574650591,NULL,NULL,10,NULL,1,2),(44,2,2,8748.00,6.00,8742.00,'发布计划，扣除佣金[计划编号:11]',1574650591,NULL,NULL,11,NULL,1,2),(45,2,2,8742.00,4.00,8738.00,'发布计划，扣除佣金[计划编号:12]',1574650624,NULL,NULL,12,NULL,1,2),(46,2,2,8738.00,4.00,8742.00,'取消计划，退还佣金[计划编号:12]',1574650630,NULL,NULL,12,NULL,1,1),(47,2,2,8742.00,6.00,8736.00,'发布计划，扣除佣金[计划编号:13]',1574669536,NULL,NULL,13,NULL,1,2),(48,2,2,8736.00,6.00,8730.00,'发布计划，扣除佣金[计划编号:14]',1574669536,NULL,NULL,14,NULL,1,2),(123,2,2,8730.00,20.00,8710.00,'发布计划，扣除佣金[计划编号:90]',1574682664,NULL,NULL,90,NULL,1,2),(124,2,2,8710.00,20.00,8690.00,'发布计划，扣除佣金[计划编号:91]',1574682664,NULL,NULL,91,NULL,1,2),(185,2,2,8690.00,20.00,8670.00,'发布计划，扣除佣金[计划编号:152]',1574683617,NULL,NULL,152,NULL,1,2),(186,2,2,8670.00,20.00,8650.00,'发布计划，扣除佣金[计划编号:153]',1574683617,NULL,NULL,153,NULL,1,2),(187,2,2,8650.00,90.00,8560.00,'发布计划，扣除佣金[计划编号:1]',1574730826,NULL,NULL,1,NULL,1,2),(188,2,2,8560.00,78.00,8482.00,'发布计划，扣除佣金[计划编号:2]',1574730826,NULL,NULL,2,NULL,1,2),(189,2,2,8482.00,78.00,8404.00,'发布计划，扣除佣金[计划编号:3]',1574730826,NULL,NULL,3,NULL,1,2),(234,2,2,8404.00,10.00,8394.00,'发布计划，扣除佣金[计划编号:48]',1574734125,NULL,NULL,48,NULL,1,2),(235,2,2,8394.00,10.00,8384.00,'发布计划，扣除佣金[计划编号:49]',1574734125,NULL,NULL,49,NULL,1,2),(236,2,2,8384.00,10.00,8374.00,'发布计划，扣除佣金[计划编号:50]',1574734125,NULL,NULL,50,NULL,1,2),(237,2,2,8374.00,10.00,8364.00,'发布计划，扣除佣金[计划编号:51]',1574734125,NULL,NULL,51,NULL,1,2),(238,2,2,8364.00,120.00,8244.00,'发布计划，扣除佣金[计划编号:1]',1574816707,NULL,NULL,1,NULL,1,2),(239,2,2,8244.00,120.00,8124.00,'发布计划，扣除佣金[计划编号:2]',1574816707,NULL,NULL,2,NULL,1,2),(240,2,2,8124.00,120.00,8004.00,'发布计划，扣除佣金[计划编号:3]',1574816707,NULL,NULL,3,NULL,1,2),(241,2,2,8004.00,120.00,7884.00,'发布计划，扣除佣金[计划编号:4]',1574816707,NULL,NULL,4,NULL,1,2),(242,2,2,7884.00,20.00,7864.00,'发布计划，扣除佣金[计划编号:5]',1574816789,NULL,NULL,5,NULL,1,2),(243,2,2,7864.00,20.00,7844.00,'发布计划，扣除佣金[计划编号:6]',1574816789,NULL,NULL,6,NULL,1,2),(244,2,2,7844.00,20.00,7824.00,'发布计划，扣除佣金[计划编号:7]',1574816789,NULL,NULL,7,NULL,1,2),(245,2,2,7824.00,20.00,7804.00,'发布计划，扣除佣金[计划编号:8]',1574816789,NULL,NULL,8,NULL,1,2),(246,2,2,7804.00,105.00,7699.00,'发布计划，扣除佣金[计划编号:9]',1574816924,NULL,NULL,9,NULL,1,2),(247,2,2,7699.00,75.00,7624.00,'发布计划，扣除佣金[计划编号:10]',1574816924,NULL,NULL,10,NULL,1,2),(248,2,2,7624.00,75.00,7549.00,'发布计划，扣除佣金[计划编号:11]',1574816924,NULL,NULL,11,NULL,1,2),(249,2,2,7549.00,140.00,7409.00,'发布计划，扣除佣金[计划编号:1]',1574828392,NULL,NULL,1,NULL,1,2),(250,2,2,7409.00,140.00,7269.00,'发布计划，扣除佣金[计划编号:2]',1574828392,NULL,NULL,2,NULL,1,2),(251,2,2,7269.00,100.00,7169.00,'发布计划，扣除佣金[计划编号:3]',1574828392,NULL,NULL,3,NULL,1,2),(252,2,2,7169.00,60.00,7109.00,'发布计划，扣除佣金[计划编号:4]',1574828419,NULL,NULL,4,NULL,1,2),(253,2,2,7109.00,20.00,7089.00,'发布计划，扣除佣金[计划编号:5]',1574828419,NULL,NULL,5,NULL,1,2),(254,2,2,7089.00,20.00,7069.00,'发布计划，扣除佣金[计划编号:6]',1574828419,NULL,NULL,6,NULL,1,2),(255,2,2,7069.00,20.00,7049.00,'发布计划，扣除佣金[计划编号:7]',1574828419,NULL,NULL,7,NULL,1,2),(256,2,2,7049.00,108.00,6941.00,'发布计划，扣除佣金[计划编号:8]',1574828442,NULL,NULL,8,NULL,1,2),(257,2,2,6941.00,108.00,6833.00,'发布计划，扣除佣金[计划编号:9]',1574828442,NULL,NULL,9,NULL,1,2),(258,2,2,6833.00,96.00,6737.00,'发布计划，扣除佣金[计划编号:10]',1574828442,NULL,NULL,10,NULL,1,2),(259,2,2,6737.00,200.00,6537.00,'发布计划，扣除佣金[计划编号:1]',1574841662,NULL,NULL,1,NULL,1,2),(260,2,2,6537.00,160.00,6377.00,'发布计划，扣除佣金[计划编号:2]',1574841662,NULL,NULL,2,NULL,1,2),(261,2,2,6377.00,120.00,6257.00,'发布计划，扣除佣金[计划编号:3]',1574841662,NULL,NULL,3,NULL,1,2),(262,2,2,6257.00,120.00,6137.00,'发布计划，扣除佣金[计划编号:4]',1574841662,NULL,NULL,4,NULL,1,2),(263,2,2,6137.00,60.00,6077.00,'发布计划，扣除佣金[计划编号:5]',1574841684,NULL,NULL,5,NULL,1,2),(264,2,2,6077.00,20.00,6057.00,'发布计划，扣除佣金[计划编号:6]',1574841684,NULL,NULL,6,NULL,1,2),(265,2,2,6057.00,20.00,6037.00,'发布计划，扣除佣金[计划编号:7]',1574841684,NULL,NULL,7,NULL,1,2),(266,2,2,6037.00,20.00,6017.00,'发布计划，扣除佣金[计划编号:8]',1574841684,NULL,NULL,8,NULL,1,2),(267,2,2,6017.00,90.00,5927.00,'发布计划，扣除佣金[计划编号:9]',1574841702,NULL,NULL,9,NULL,1,2),(268,2,2,5927.00,85.00,5842.00,'发布计划，扣除佣金[计划编号:10]',1574841702,NULL,NULL,10,NULL,1,2),(269,2,2,5842.00,80.00,5762.00,'发布计划，扣除佣金[计划编号:11]',1574841702,NULL,NULL,11,NULL,1,2),(270,3,1,99987999.00,10.00,99987989.00,'任务单审核，扣除佣金[任务编号:3]',1574842409,NULL,NULL,0,NULL,1,2),(271,1,1,0.00,10.00,10.00,'任务完成，发放佣金[任务编号:3]',1574842409,NULL,NULL,0,NULL,1,1),(272,3,1,99987989.00,47.00,99987942.00,'任务单审核，扣除佣金[任务编号:39]',1574842649,NULL,NULL,0,NULL,1,2),(273,1,1,10.00,47.00,57.00,'任务完成，发放佣金[任务编号:39]',1574842649,NULL,NULL,0,NULL,1,1),(274,3,1,99987942.00,5.00,99987937.00,'任务单审核，扣除佣金[任务编号:37]',1574842922,NULL,NULL,0,NULL,1,2),(275,1,5,0.00,5.00,5.00,'任务完成，发放佣金[任务编号:37]',1574842922,NULL,NULL,0,NULL,1,1),(276,3,1,99987937.00,5.00,99987932.00,'任务单审核，扣除佣金[任务编号:38]',1574842922,NULL,NULL,0,NULL,1,2),(277,1,6,0.00,5.00,5.00,'任务完成，发放佣金[任务编号:38]',1574842922,NULL,NULL,0,NULL,1,1),(278,3,1,99987932.00,5.00,99987927.00,'任务单审核，扣除佣金[任务编号:40]',1574842922,NULL,NULL,0,NULL,1,2),(279,1,2,0.00,5.00,5.00,'任务完成，发放佣金[任务编号:40]',1574842922,NULL,NULL,0,NULL,1,1),(280,1,1,57.00,10.00,47.00,'用户提现',1575168369,NULL,NULL,0,NULL,4,2),(281,1,1,47.00,10.00,37.00,'用户提现',1575168408,NULL,NULL,0,NULL,4,2),(282,1,1,37.00,10.00,27.00,'用户提现',1575168478,NULL,NULL,0,NULL,4,2),(283,3,3,0.00,1000.00,1000.00,'用户充值',1575255455,NULL,NULL,0,NULL,2,1),(284,3,1,99987927.00,1000.00,99986927.00,'扣除商户充值金额',1575255455,NULL,NULL,0,NULL,2,2),(285,3,3,1000.00,20000.00,21000.00,'用户充值',1575255502,NULL,NULL,0,NULL,2,1),(286,3,1,99986927.00,20000.00,99966927.00,'扣除商户充值金额',1575255502,NULL,NULL,0,NULL,2,2),(287,2,3,0.00,10000.00,10000.00,'用户充值',1575255527,NULL,NULL,0,NULL,2,1),(288,3,3,21000.00,10000.00,11000.00,'扣除商户充值金额',1575255527,NULL,NULL,0,NULL,2,2),(309,2,3,10000.00,15.00,9985.00,'发布计划，扣除佣金[计划编号:33]',1575256113,NULL,NULL,33,NULL,1,2),(310,2,3,9985.00,15.00,9970.00,'发布计划，扣除佣金[计划编号:34]',1575256113,NULL,NULL,34,NULL,1,2),(311,2,3,9970.00,15.00,9955.00,'发布计划，扣除佣金[计划编号:35]',1575256113,NULL,NULL,35,NULL,1,2),(312,2,3,9955.00,15.00,9940.00,'发布计划，扣除佣金[计划编号:36]',1575256113,NULL,NULL,36,NULL,1,2),(313,2,3,9940.00,15.00,9925.00,'发布计划，扣除佣金[计划编号:37]',1575256113,NULL,NULL,37,NULL,1,2),(314,2,2,5762.00,3.00,5759.00,'发布计划，扣除佣金[计划编号:38]',1576650378,NULL,NULL,38,NULL,1,2),(315,2,2,5759.00,1.00,5758.00,'发布计划，扣除佣金[计划编号:39]',1576650378,NULL,NULL,39,NULL,1,2),(316,2,2,5758.00,1.00,5757.00,'发布计划，扣除佣金[计划编号:40]',1576650378,NULL,NULL,40,NULL,1,2),(317,2,2,5757.00,6.00,5751.00,'发布计划，扣除佣金[计划编号:41]',1576650448,NULL,NULL,41,NULL,1,2),(318,2,2,5751.00,6.00,5745.00,'发布计划，扣除佣金[计划编号:42]',1576650448,NULL,NULL,42,NULL,1,2),(319,2,2,5745.00,6.00,5739.00,'发布计划，扣除佣金[计划编号:43]',1576650448,NULL,NULL,43,NULL,1,2),(320,2,1,5536.00,1.00,5535.00,'发布计划，扣除佣金[计划编号:44]',1576725871,NULL,NULL,44,NULL,1,2),(321,2,1,5535.00,1.00,5534.00,'发布计划，扣除佣金[计划编号:45]',1576725871,NULL,NULL,45,NULL,1,2),(322,3,1,99966927.00,5.00,99966922.00,'任务单审核，扣除佣金[任务编号:34]',1580993964,NULL,NULL,0,NULL,1,2),(323,1,2,5.00,5.00,10.00,'任务完成，发放佣金[任务编号:34]',1580993964,NULL,NULL,0,NULL,1,1),(333,2,1,5534.00,1.00,5533.00,'发布计划，扣除佣金[计划编号:55]',1582769939,NULL,NULL,55,NULL,1,2),(334,2,1,5533.00,1.00,5532.00,'发布计划，扣除佣金[计划编号:56]',1582770110,NULL,NULL,56,NULL,1,2),(335,2,1,5532.00,1.00,5533.00,'取消计划，退还佣金[计划编号:55]',1582771019,NULL,NULL,55,NULL,1,1),(336,2,1,5533.00,1.00,5534.00,'取消计划，退还佣金[计划编号:56]',1582771019,NULL,NULL,56,NULL,1,1),(337,2,1,5534.00,1.00,5533.00,'发布计划，扣除佣金[计划编号:57]',1582771164,NULL,NULL,57,NULL,1,2),(338,2,3,9925.00,15.00,9910.00,'发布计划，扣除佣金[计划编号:58]',1582772077,NULL,NULL,58,NULL,1,2),(339,2,3,9910.00,15.00,9895.00,'发布计划，扣除佣金[计划编号:59]',1582772077,NULL,NULL,59,NULL,1,2),(340,2,3,9895.00,15.00,9880.00,'发布计划，扣除佣金[计划编号:60]',1582772077,NULL,NULL,60,NULL,1,2),(341,2,3,9880.00,15.00,9865.00,'发布计划，扣除佣金[计划编号:61]',1582772077,NULL,NULL,61,NULL,1,2),(342,2,3,9865.00,15.00,9850.00,'发布计划，扣除佣金[计划编号:62]',1582772077,NULL,NULL,62,NULL,1,2),(343,2,1,5533.00,10.00,5523.00,'发布计划，扣除佣金[计划编号:63]',1582772153,NULL,NULL,63,NULL,1,2),(344,2,1,5523.00,1.00,5522.00,'发布计划，扣除佣金[计划编号:64]',1582772173,NULL,NULL,64,NULL,1,2),(345,2,1,5522.00,3.00,5519.00,'发布计划，扣除佣金[计划编号:65]',1593415484,NULL,NULL,65,NULL,1,2),(346,2,1,5519.00,1.00,5518.00,'发布计划，扣除佣金[计划编号:66]',1593508375,NULL,NULL,66,NULL,1,2),(347,2,3,9850.00,15.00,9835.00,'发布计划，扣除佣金[计划编号:67]',1603951019,NULL,NULL,67,NULL,1,2),(348,2,3,9835.00,15.00,9820.00,'发布计划，扣除佣金[计划编号:68]',1603951019,NULL,NULL,68,NULL,1,2),(349,2,3,9820.00,15.00,9805.00,'发布计划，扣除佣金[计划编号:69]',1603951019,NULL,NULL,69,NULL,1,2),(350,2,3,9805.00,15.00,9790.00,'发布计划，扣除佣金[计划编号:70]',1603951019,NULL,NULL,70,NULL,1,2),(351,2,3,9790.00,15.00,9775.00,'发布计划，扣除佣金[计划编号:71]',1603951019,NULL,NULL,71,NULL,1,2),(352,2,3,9775.00,15.00,9760.00,'发布计划，扣除佣金[计划编号:72]',1603951019,NULL,NULL,72,NULL,1,2),(353,2,3,9760.00,15.00,9745.00,'发布计划，扣除佣金[计划编号:73]',1603951019,NULL,NULL,73,NULL,1,2),(354,2,3,9745.00,15.00,9730.00,'发布计划，扣除佣金[计划编号:74]',1603957605,NULL,NULL,74,NULL,1,2),(355,2,3,9730.00,15.00,9715.00,'发布计划，扣除佣金[计划编号:75]',1603957605,NULL,NULL,75,NULL,1,2),(356,2,3,9715.00,15.00,9700.00,'发布计划，扣除佣金[计划编号:76]',1603957605,NULL,NULL,76,NULL,1,2),(357,2,3,9700.00,15.00,9685.00,'发布计划，扣除佣金[计划编号:77]',1603957605,NULL,NULL,77,NULL,1,2),(358,2,3,9685.00,15.00,9670.00,'发布计划，扣除佣金[计划编号:78]',1603957605,NULL,NULL,78,NULL,1,2),(359,2,3,9670.00,15.00,9655.00,'发布计划，扣除佣金[计划编号:79]',1603959702,NULL,NULL,79,NULL,1,2),(360,2,3,9655.00,15.00,9640.00,'发布计划，扣除佣金[计划编号:80]',1603959702,NULL,NULL,80,NULL,1,2),(361,2,3,9640.00,15.00,9625.00,'发布计划，扣除佣金[计划编号:81]',1603959702,NULL,NULL,81,NULL,1,2),(362,2,3,9625.00,15.00,9610.00,'发布计划，扣除佣金[计划编号:82]',1603959702,NULL,NULL,82,NULL,1,2),(363,2,3,9610.00,15.00,9595.00,'发布计划，扣除佣金[计划编号:83]',1603959702,NULL,NULL,83,NULL,1,2),(364,2,3,9595.00,15.00,9580.00,'发布计划，扣除佣金[计划编号:84]',1603964003,NULL,NULL,84,NULL,1,2),(365,2,3,9580.00,15.00,9565.00,'发布计划，扣除佣金[计划编号:85]',1603964003,NULL,NULL,85,NULL,1,2),(366,2,3,9565.00,15.00,9550.00,'发布计划，扣除佣金[计划编号:86]',1603964003,NULL,NULL,86,NULL,1,2),(367,2,3,9550.00,15.00,9535.00,'发布计划，扣除佣金[计划编号:87]',1603964003,NULL,NULL,87,NULL,1,2),(368,2,3,9535.00,15.00,9520.00,'发布计划，扣除佣金[计划编号:88]',1603964003,NULL,NULL,88,NULL,1,2);
/*!40000 ALTER TABLE `sd_account_log` ENABLE KEYS */;
UNLOCK TABLES;

--
-- Table structure for table `sd_admin`
--

DROP TABLE IF EXISTS `sd_admin`;
/*!40101 SET @saved_cs_client     = @@character_set_client */;
/*!40101 SET character_set_client = utf8 */;
CREATE TABLE `sd_admin` (
  `id` int(11) NOT NULL AUTO_INCREMENT COMMENT '表id',
  `user_name` varchar(50) NOT NULL COMMENT '管理员用户名',
  `password` varchar(50) NOT NULL COMMENT '密码',
  `real_name` varchar(50) NOT NULL COMMENT '真实姓名',
  `phone` varchar(20) DEFAULT NULL COMMENT '手机号码',
  `group_id` int(10) DEFAULT NULL COMMENT '用户组',
  `superior_id` int(10) DEFAULT '0' COMMENT '上级用户',
  `bank_name` varchar(50) DEFAULT NULL COMMENT '银行名称',
  `bank_number` varchar(50) DEFAULT NULL COMMENT '银行卡号',
  `user_money` decimal(10,2) DEFAULT '0.00' COMMENT '用户金额',
  `status` tinyint(1) DEFAULT '0' COMMENT '是否启用 0否 1是',
  `create_time` int(10) DEFAULT '0' COMMENT '添加时间',
  `last_ip` char(15) DEFAULT NULL COMMENT '最后登录IP',
  PRIMARY KEY (`id`)
) ENGINE=InnoDB AUTO_INCREMENT=4 DEFAULT CHARSET=utf8 COMMENT='系统管理员表';
/*!40101 SET character_set_client = @saved_cs_client */;

--
-- Dumping data for table `sd_admin`
--

LOCK TABLES `sd_admin` WRITE;
/*!40000 ALTER TABLE `sd_admin` DISABLE KEYS */;
INSERT INTO `sd_admin` VALUES (1,'admin','4250f2ad069c42d227e38603f42a1844','李军','18798098321',1,1,'工商银行','6222021404009095432',99966922.00,1,1573291883,'127.0.0.1'),(2,'xiaoxiaoxin','d11b2c957a2e19d86e48decfada4b875','陈华','18233980943',3,1,'建设银行','6222021404009095433',0.00,1,1573724959,NULL),(3,'lishishi','d11b2c957a2e19d86e48decfada4b875','李思思','18799878943',2,1,'中国工商银行','622202140040094822',11000.00,1,1574305678,NULL);
/*!40000 ALTER TABLE `sd_admin` ENABLE KEYS */;
UNLOCK TABLES;

--
-- Table structure for table `sd_admin_group`
--

DROP TABLE IF EXISTS `sd_admin_group`;
/*!40101 SET @saved_cs_client     = @@character_set_client */;
/*!40101 SET character_set_client = utf8 */;
CREATE TABLE `sd_admin_group` (
  `id` int(11) NOT NULL AUTO_INCREMENT COMMENT '表id',
  `admin_id` int(10) DEFAULT '0' COMMENT '所属用户',
  `name` varchar(50) NOT NULL COMMENT '用户组名称',
  `rules` text COMMENT '用户组权限IDS',
  `status` tinyint(1) DEFAULT '0' COMMENT '是否启用 0否 1是',
  `create_time` int(10) DEFAULT '0' COMMENT '添加时间',
  PRIMARY KEY (`id`),
  KEY `user_id` (`admin_id`)
) ENGINE=InnoDB AUTO_INCREMENT=4 DEFAULT CHARSET=utf8 COMMENT='系统管理组表';
/*!40101 SET character_set_client = @saved_cs_client */;

--
-- Dumping data for table `sd_admin_group`
--

LOCK TABLES `sd_admin_group` WRITE;
/*!40000 ALTER TABLE `sd_admin_group` DISABLE KEYS */;
INSERT INTO `sd_admin_group` VALUES (1,1,'超级管理员','1,8,11,15,5,20,24,13,42,7,2,3,4,9,10,12,16,17,6,18,19,21,22,23,46,25,26,27,14,43,44,45,31,32,33,34,49,50,51,40,28,29,41,30,35,36,37,39,47,38',1,1573292396),(2,1,'联盟管理员','1,8,11,15,5,20,24,13,7,2,3,4,9,10,12,16,17,6,18,19,21,22,23,46,25,26,27,14,31,32,33,34,49,50,51,40,28,29,41,30,35,36,37,39,47,38',1,1573787705),(3,1,'联盟中介','8,11,5,20,24,13,9,10,12,6,18,19,21,22,23,46,25,26,27,14,49,50,51,30,35,36,37,39,47,38',1,1573789484);
/*!40000 ALTER TABLE `sd_admin_group` ENABLE KEYS */;
UNLOCK TABLES;

--
-- Table structure for table `sd_cities`
--

DROP TABLE IF EXISTS `sd_cities`;
/*!40101 SET @saved_cs_client     = @@character_set_client */;
/*!40101 SET character_set_client = utf8 */;
CREATE TABLE `sd_cities` (
  `id` int(11) NOT NULL AUTO_INCREMENT COMMENT '主键',
  `cityid` char(6) NOT NULL COMMENT '城市编码',
  `city` varchar(40) NOT NULL COMMENT '城市名称',
  `provinceid` char(6) NOT NULL COMMENT '所属省份编码',
  PRIMARY KEY (`id`)
) ENGINE=InnoDB AUTO_INCREMENT=346 DEFAULT CHARSET=utf8 COMMENT='城市信息表';
/*!40101 SET character_set_client = @saved_cs_client */;

--
-- Dumping data for table `sd_cities`
--

LOCK TABLES `sd_cities` WRITE;
/*!40000 ALTER TABLE `sd_cities` DISABLE KEYS */;
INSERT INTO `sd_cities` VALUES (1,'110100','北京市','110000'),(2,'1102xx','北京下属县','1100xx'),(3,'120100','天津市','120000'),(4,'1202xx','天津下属县','1200xx'),(5,'130100','石家庄市','130000'),(6,'130200','唐山市','130000'),(7,'130300','秦皇岛市','130000'),(8,'130400','邯郸市','130000'),(9,'130500','邢台市','130000'),(10,'130600','保定市','130000'),(11,'130700','张家口市','130000'),(12,'130800','承德市','130000'),(13,'130900','沧州市','130000'),(14,'131000','廊坊市','130000'),(15,'131100','衡水市','130000'),(16,'140100','太原市','140000'),(17,'140200','大同市','140000'),(18,'140300','阳泉市','140000'),(19,'140400','长治市','140000'),(20,'140500','晋城市','140000'),(21,'140600','朔州市','140000'),(22,'140700','晋中市','140000'),(23,'140800','运城市','140000'),(24,'140900','忻州市','140000'),(25,'141000','临汾市','140000'),(26,'141100','吕梁市','140000'),(27,'150100','呼和浩特市','150000'),(28,'150200','包头市','150000'),(29,'150300','乌海市','150000'),(30,'150400','赤峰市','150000'),(31,'150500','通辽市','150000'),(32,'150600','鄂尔多斯市','150000'),(33,'150700','呼伦贝尔市','150000'),(34,'150800','巴彦淖尔市','150000'),(35,'150900','乌兰察布市','150000'),(36,'152200','兴安盟','150000'),(37,'152500','锡林郭勒盟','150000'),(38,'152900','阿拉善盟','150000'),(39,'210100','沈阳市','210000'),(40,'210200','大连市','210000'),(41,'210300','鞍山市','210000'),(42,'210400','抚顺市','210000'),(43,'210500','本溪市','210000'),(44,'210600','丹东市','210000'),(45,'210700','锦州市','210000'),(46,'210800','营口市','210000'),(47,'210900','阜新市','210000'),(48,'211000','辽阳市','210000'),(49,'211100','盘锦市','210000'),(50,'211200','铁岭市','210000'),(51,'211300','朝阳市','210000'),(52,'211400','葫芦岛市','210000'),(53,'220100','长春市','220000'),(54,'220200','吉林市','220000'),(55,'220300','四平市','220000'),(56,'220400','辽源市','220000'),(57,'220500','通化市','220000'),(58,'220600','白山市','220000'),(59,'220700','松原市','220000'),(60,'220800','白城市','220000'),(61,'222400','延边朝鲜族自治州','220000'),(62,'230100','哈尔滨市','230000'),(63,'230200','齐齐哈尔市','230000'),(64,'230300','鸡西市','230000'),(65,'230400','鹤岗市','230000'),(66,'230500','双鸭山市','230000'),(67,'230600','大庆市','230000'),(68,'230700','伊春市','230000'),(69,'230800','佳木斯市','230000'),(70,'230900','七台河市','230000'),(71,'231000','牡丹江市','230000'),(72,'231100','黑河市','230000'),(73,'231200','绥化市','230000'),(74,'232700','大兴安岭地区','230000'),(75,'310100','上海市','310000'),(76,'3102xx','上海下属县','3100xx'),(77,'320100','南京市','320000'),(78,'320200','无锡市','320000'),(79,'320300','徐州市','320000'),(80,'320400','常州市','320000'),(81,'320500','苏州市','320000'),(82,'320600','南通市','320000'),(83,'320700','连云港市','320000'),(84,'320800','淮安市','320000'),(85,'320900','盐城市','320000'),(86,'321000','扬州市','320000'),(87,'321100','镇江市','320000'),(88,'321200','泰州市','320000'),(89,'321300','宿迁市','320000'),(90,'330100','杭州市','330000'),(91,'330200','宁波市','330000'),(92,'330300','温州市','330000'),(93,'330400','嘉兴市','330000'),(94,'330500','湖州市','330000'),(95,'330600','绍兴市','330000'),(96,'330700','金华市','330000'),(97,'330800','衢州市','330000'),(98,'330900','舟山市','330000'),(99,'331000','台州市','330000'),(100,'331100','丽水市','330000'),(101,'340100','合肥市','340000'),(102,'340200','芜湖市','340000'),(103,'340300','蚌埠市','340000'),(104,'340400','淮南市','340000'),(105,'340500','马鞍山市','340000'),(106,'340600','淮北市','340000'),(107,'340700','铜陵市','340000'),(108,'340800','安庆市','340000'),(109,'341000','黄山市','340000'),(110,'341100','滁州市','340000'),(111,'341200','阜阳市','340000'),(112,'341300','宿州市','340000'),(113,'341400','巢湖市','340000'),(114,'341500','六安市','340000'),(115,'341600','亳州市','340000'),(116,'341700','池州市','340000'),(117,'341800','宣城市','340000'),(118,'350100','福州市','350000'),(119,'350200','厦门市','350000'),(120,'350300','莆田市','350000'),(121,'350400','三明市','350000'),(122,'350500','泉州市','350000'),(123,'350600','漳州市','350000'),(124,'350700','南平市','350000'),(125,'350800','龙岩市','350000'),(126,'350900','宁德市','350000'),(127,'360100','南昌市','360000'),(128,'360200','景德镇市','360000'),(129,'360300','萍乡市','360000'),(130,'360400','九江市','360000'),(131,'360500','新余市','360000'),(132,'360600','鹰潭市','360000'),(133,'360700','赣州市','360000'),(134,'360800','吉安市','360000'),(135,'360900','宜春市','360000'),(136,'361000','抚州市','360000'),(137,'361100','上饶市','360000'),(138,'370100','济南市','370000'),(139,'370200','青岛市','370000'),(140,'370300','淄博市','370000'),(141,'370400','枣庄市','370000'),(142,'370500','东营市','370000'),(143,'370600','烟台市','370000'),(144,'370700','潍坊市','370000'),(145,'370800','济宁市','370000'),(146,'370900','泰安市','370000'),(147,'371000','威海市','370000'),(148,'371100','日照市','370000'),(149,'371200','莱芜市','370000'),(150,'371300','临沂市','370000'),(151,'371400','德州市','370000'),(152,'371500','聊城市','370000'),(153,'371600','滨州市','370000'),(154,'371700','荷泽市','370000'),(155,'410100','郑州市','410000'),(156,'410200','开封市','410000'),(157,'410300','洛阳市','410000'),(158,'410400','平顶山市','410000'),(159,'410500','安阳市','410000'),(160,'410600','鹤壁市','410000'),(161,'410700','新乡市','410000'),(162,'410800','焦作市','410000'),(163,'410900','濮阳市','410000'),(164,'411000','许昌市','410000'),(165,'411100','漯河市','410000'),(166,'411200','三门峡市','410000'),(167,'411300','南阳市','410000'),(168,'411400','商丘市','410000'),(169,'411500','信阳市','410000'),(170,'411600','周口市','410000'),(171,'411700','驻马店市','410000'),(172,'420100','武汉市','420000'),(173,'420200','黄石市','420000'),(174,'420300','十堰市','420000'),(175,'420500','宜昌市','420000'),(176,'420600','襄樊市','420000'),(177,'420700','鄂州市','420000'),(178,'420800','荆门市','420000'),(179,'420900','孝感市','420000'),(180,'421000','荆州市','420000'),(181,'421100','黄冈市','420000'),(182,'421200','咸宁市','420000'),(183,'421300','随州市','420000'),(184,'422800','恩施土家族苗族自治州','420000'),(185,'429000','省直辖行政单位','420000'),(186,'430100','长沙市','430000'),(187,'430200','株洲市','430000'),(188,'430300','湘潭市','430000'),(189,'430400','衡阳市','430000'),(190,'430500','邵阳市','430000'),(191,'430600','岳阳市','430000'),(192,'430700','常德市','430000'),(193,'430800','张家界市','430000'),(194,'430900','益阳市','430000'),(195,'431000','郴州市','430000'),(196,'431100','永州市','430000'),(197,'431200','怀化市','430000'),(198,'431300','娄底市','430000'),(199,'433100','湘西土家族苗族自治州','430000'),(200,'440100','广州市','440000'),(201,'440200','韶关市','440000'),(202,'440300','深圳市','440000'),(203,'440400','珠海市','440000'),(204,'440500','汕头市','440000'),(205,'440600','佛山市','440000'),(206,'440700','江门市','440000'),(207,'440800','湛江市','440000'),(208,'440900','茂名市','440000'),(209,'441200','肇庆市','440000'),(210,'441300','惠州市','440000'),(211,'441400','梅州市','440000'),(212,'441500','汕尾市','440000'),(213,'441600','河源市','440000'),(214,'441700','阳江市','440000'),(215,'441800','清远市','440000'),(216,'441900','东莞市','440000'),(217,'442000','中山市','440000'),(218,'445100','潮州市','440000'),(219,'445200','揭阳市','440000'),(220,'445300','云浮市','440000'),(221,'450100','南宁市','450000'),(222,'450200','柳州市','450000'),(223,'450300','桂林市','450000'),(224,'450400','梧州市','450000'),(225,'450500','北海市','450000'),(226,'450600','防城港市','450000'),(227,'450700','钦州市','450000'),(228,'450800','贵港市','450000'),(229,'450900','玉林市','450000'),(230,'451000','百色市','450000'),(231,'451100','贺州市','450000'),(232,'451200','河池市','450000'),(233,'451300','来宾市','450000'),(234,'451400','崇左市','450000'),(235,'460100','海口市','460000'),(236,'460200','三亚市','460000'),(237,'469000','省直辖县级行政单位','460000'),(238,'500100','重庆市','500000'),(239,'5002xx','重庆下属县','5000xx'),(240,'5003xx','重庆下属市','5000xx'),(241,'510100','成都市','510000'),(242,'510300','自贡市','510000'),(243,'510400','攀枝花市','510000'),(244,'510500','泸州市','510000'),(245,'510600','德阳市','510000'),(246,'510700','绵阳市','510000'),(247,'510800','广元市','510000'),(248,'510900','遂宁市','510000'),(249,'511000','内江市','510000'),(250,'511100','乐山市','510000'),(251,'511300','南充市','510000'),(252,'511400','眉山市','510000'),(253,'511500','宜宾市','510000'),(254,'511600','广安市','510000'),(255,'511700','达州市','510000'),(256,'511800','雅安市','510000'),(257,'511900','巴中市','510000'),(258,'512000','资阳市','510000'),(259,'513200','阿坝藏族羌族自治州','510000'),(260,'513300','甘孜藏族自治州','510000'),(261,'513400','凉山彝族自治州','510000'),(262,'520100','贵阳市','520000'),(263,'520200','六盘水市','520000'),(264,'520300','遵义市','520000'),(265,'520400','安顺市','520000'),(266,'522200','铜仁地区','520000'),(267,'522300','黔西南布依族苗族自治州','520000'),(268,'522400','毕节地区','520000'),(269,'522600','黔东南苗族侗族自治州','520000'),(270,'522700','黔南布依族苗族自治州','520000'),(271,'530100','昆明市','530000'),(272,'530300','曲靖市','530000'),(273,'530400','玉溪市','530000'),(274,'530500','保山市','530000'),(275,'530600','昭通市','530000'),(276,'530700','丽江市','530000'),(277,'530800','思茅市','530000'),(278,'530900','临沧市','530000'),(279,'532300','楚雄彝族自治州','530000'),(280,'532500','红河哈尼族彝族自治州','530000'),(281,'532600','文山壮族苗族自治州','530000'),(282,'532800','西双版纳傣族自治州','530000'),(283,'532900','大理白族自治州','530000'),(284,'533100','德宏傣族景颇族自治州','530000'),(285,'533300','怒江傈僳族自治州','530000'),(286,'533400','迪庆藏族自治州','530000'),(287,'540100','拉萨市','540000'),(288,'542100','昌都地区','540000'),(289,'542200','山南地区','540000'),(290,'542300','日喀则地区','540000'),(291,'542400','那曲地区','540000'),(292,'542500','阿里地区','540000'),(293,'542600','林芝地区','540000'),(294,'610100','西安市','610000'),(295,'610200','铜川市','610000'),(296,'610300','宝鸡市','610000'),(297,'610400','咸阳市','610000'),(298,'610500','渭南市','610000'),(299,'610600','延安市','610000'),(300,'610700','汉中市','610000'),(301,'610800','榆林市','610000'),(302,'610900','安康市','610000'),(303,'611000','商洛市','610000'),(304,'620100','兰州市','620000'),(305,'620200','嘉峪关市','620000'),(306,'620300','金昌市','620000'),(307,'620400','白银市','620000'),(308,'620500','天水市','620000'),(309,'620600','武威市','620000'),(310,'620700','张掖市','620000'),(311,'620800','平凉市','620000'),(312,'620900','酒泉市','620000'),(313,'621000','庆阳市','620000'),(314,'621100','定西市','620000'),(315,'621200','陇南市','620000'),(316,'622900','临夏回族自治州','620000'),(317,'623000','甘南藏族自治州','620000'),(318,'630100','西宁市','630000'),(319,'632100','海东地区','630000'),(320,'632200','海北藏族自治州','630000'),(321,'632300','黄南藏族自治州','630000'),(322,'632500','海南藏族自治州','630000'),(323,'632600','果洛藏族自治州','630000'),(324,'632700','玉树藏族自治州','630000'),(325,'632800','海西蒙古族藏族自治州','630000'),(326,'640100','银川市','640000'),(327,'640200','石嘴山市','640000'),(328,'640300','吴忠市','640000'),(329,'640400','固原市','640000'),(330,'640500','中卫市','640000'),(331,'650100','乌鲁木齐市','650000'),(332,'650200','克拉玛依市','650000'),(333,'652100','吐鲁番地区','650000'),(334,'652200','哈密地区','650000'),(335,'652300','昌吉回族自治州','650000'),(336,'652700','博尔塔拉蒙古自治州','650000'),(337,'652800','巴音郭楞蒙古自治州','650000'),(338,'652900','阿克苏地区','650000'),(339,'653000','克孜勒苏柯尔克孜自治州','650000'),(340,'653100','喀什地区','650000'),(341,'653200','和田地区','650000'),(342,'654000','伊犁哈萨克自治州','650000'),(343,'654200','塔城地区','650000'),(344,'654300','阿勒泰地区','650000'),(345,'659000','省直辖行政单位','650000');
/*!40000 ALTER TABLE `sd_cities` ENABLE KEYS */;
UNLOCK TABLES;

--
-- Table structure for table `sd_commission`
--

DROP TABLE IF EXISTS `sd_commission`;
/*!40101 SET @saved_cs_client     = @@character_set_client */;
/*!40101 SET character_set_client = utf8 */;
CREATE TABLE `sd_commission` (
  `id` int(11) NOT NULL AUTO_INCREMENT,
  `name` varchar(50) DEFAULT NULL,
  `superior_id` int(10) DEFAULT NULL COMMENT '上级用户ID',
  `start` int(8) DEFAULT NULL,
  `end` int(8) DEFAULT NULL,
  `type_id` tinyint(4) DEFAULT NULL COMMENT '佣金设置类型 1粉丝 2商家',
  `val` decimal(10,2) DEFAULT '0.00' COMMENT '佣金金额',
  `sort` int(10) DEFAULT '50' COMMENT '排序',
  PRIMARY KEY (`id`) USING BTREE
) ENGINE=InnoDB AUTO_INCREMENT=65 DEFAULT CHARSET=utf8 COMMENT='系统佣金表';
/*!40101 SET character_set_client = @saved_cs_client */;

--
-- Dumping data for table `sd_commission`
--

LOCK TABLES `sd_commission` WRITE;
/*!40000 ALTER TABLE `sd_commission` DISABLE KEYS */;
INSERT INTO `sd_commission` VALUES (1,'0-200',1,0,200,1,1.20,100),(2,'200-500',1,200,500,1,1.00,98),(3,'500-1000',1,500,1000,1,1.00,96),(4,'1000-1500',1,1000,1500,1,1.00,94),(5,'1500-2000',1,1500,2000,1,1.00,92),(6,'2000-3000',1,2000,3000,1,1.00,90),(7,'3000-4000',1,3000,4000,1,1.00,90),(8,'4000-5000',1,4000,5000,1,1.00,90),(9,'5000-6000',1,5000,6000,1,1.00,90),(10,'6000-7000',1,6000,7000,1,1.00,90),(11,'7000-8000',1,7000,8000,1,1.00,90),(12,'8000-9000',1,8000,9000,1,1.00,90),(13,'9000-10000',1,9000,10000,1,1.00,90),(14,'10000-15000',1,10000,15000,1,1.00,90),(15,'15000-20000',1,15000,20000,1,1.00,90),(16,'20000以上',1,20000,1000000,1,1.00,90),(17,'0-200',1,0,200,2,1.00,100),(18,'200-500',1,200,500,2,3.00,98),(19,'500-1000',1,500,1000,2,4.00,96),(20,'1000-1500',1,1000,1500,2,5.00,94),(21,'1500-2000',1,1500,2000,2,6.00,92),(22,'2000-3000',1,2000,3000,2,7.00,90),(23,'3000-4000',1,3000,4000,2,8.00,90),(24,'4000-5000',1,4000,5000,2,9.00,90),(25,'5000-6000',1,5000,6000,2,10.00,90),(26,'6000-7000',1,6000,7000,2,11.00,90),(27,'7000-8000',1,7000,8000,2,13.00,90),(28,'8000-9000',1,8000,9000,2,15.00,90),(29,'9000-10000',1,9000,10000,2,20.00,90),(30,'10000-15000',1,10000,15000,2,25.00,90),(31,'15000-20000',1,15000,20000,2,30.00,90),(32,'20000以上',1,20000,1000000,2,40.00,90),(33,'0-200',2,0,200,2,1.00,100),(34,'200-500',2,200,500,2,3.00,98),(35,'500-1000',2,500,1000,2,4.00,96),(36,'1000-1500',2,1000,1500,2,5.00,94),(37,'1500-2000',2,1500,2000,2,6.00,92),(38,'2000-3000',2,2000,3000,2,7.00,90),(39,'3000-4000',2,3000,4000,2,8.00,90),(40,'4000-5000',2,4000,5000,2,9.00,90),(41,'5000-6000',2,5000,6000,2,10.00,90),(42,'6000-7000',2,6000,7000,2,11.00,90),(43,'7000-8000',2,7000,8000,2,13.00,90),(44,'8000-9000',2,8000,9000,2,15.00,90),(45,'9000-10000',2,9000,10000,2,20.00,90),(46,'10000-15000',2,10000,15000,2,25.00,90),(47,'15000-20000',2,15000,20000,2,30.00,90),(48,'20000以上',2,20000,1000000,2,40.00,90),(49,'0-200',3,0,200,2,2.00,100),(50,'200-500',3,200,500,2,3.00,98),(51,'500-1000',3,500,1000,2,4.00,96),(52,'1000-1500',3,1000,1500,2,5.00,94),(53,'1500-2000',3,1500,2000,2,6.00,92),(54,'2000-3000',3,2000,3000,2,7.00,90),(55,'3000-4000',3,3000,4000,2,8.00,90),(56,'4000-5000',3,4000,5000,2,9.00,90),(57,'5000-6000',3,5000,6000,2,10.00,90),(58,'6000-7000',3,6000,7000,2,11.00,90),(59,'7000-8000',3,7000,8000,2,13.00,90),(60,'8000-9000',3,8000,9000,2,15.00,90),(61,'9000-10000',3,9000,10000,2,20.00,90),(62,'10000-15000',3,10000,15000,2,25.00,90),(63,'15000-20000',3,15000,20000,2,30.00,90),(64,'20000以上',3,20000,1000000,2,40.00,90);
/*!40000 ALTER TABLE `sd_commission` ENABLE KEYS */;
UNLOCK TABLES;

--
-- Table structure for table `sd_commission_seller`
--

DROP TABLE IF EXISTS `sd_commission_seller`;
/*!40101 SET @saved_cs_client     = @@character_set_client */;
/*!40101 SET character_set_client = utf8 */;
CREATE TABLE `sd_commission_seller` (
  `id` int(11) NOT NULL AUTO_INCREMENT,
  `seller_id` int(10) DEFAULT NULL COMMENT '商家ID',
  `com_id` int(8) DEFAULT NULL COMMENT '价格区间ID',
  `val` decimal(10,2) DEFAULT '0.00' COMMENT '佣金金额',
  `shop_id` int(10) DEFAULT NULL COMMENT '店铺ID',
  PRIMARY KEY (`id`),
  KEY `seller_id` (`seller_id`),
  KEY `shop_id` (`shop_id`)
) ENGINE=InnoDB DEFAULT CHARSET=utf8 COMMENT='商家佣金表';
/*!40101 SET character_set_client = @saved_cs_client */;

--
-- Dumping data for table `sd_commission_seller`
--

LOCK TABLES `sd_commission_seller` WRITE;
/*!40000 ALTER TABLE `sd_commission_seller` DISABLE KEYS */;
/*!40000 ALTER TABLE `sd_commission_seller` ENABLE KEYS */;
UNLOCK TABLES;

--
-- Table structure for table `sd_login_log`
--

DROP TABLE IF EXISTS `sd_login_log`;
/*!40101 SET @saved_cs_client     = @@character_set_client */;
/*!40101 SET character_set_client = utf8 */;
CREATE TABLE `sd_login_log` (
  `id` int(11) NOT NULL AUTO_INCREMENT COMMENT '表id',
  `type` tinyint(4) DEFAULT '1' COMMENT '类型 1平台端 2商家端 3业务员端',
  `user_id` varchar(50) NOT NULL COMMENT '用户id',
  `user_name` varchar(50) NOT NULL COMMENT '用户名',
  `log_time` int(10) DEFAULT NULL COMMENT '登录时间',
  `log_ip` char(15) DEFAULT NULL COMMENT '登录ip',
  `out_time` int(10) DEFAULT NULL COMMENT '退出时间',
  `out_ip` char(15) DEFAULT NULL COMMENT '退出ip',
  PRIMARY KEY (`id`),
  KEY `user_id` (`user_id`)
) ENGINE=InnoDB AUTO_INCREMENT=359 DEFAULT CHARSET=utf8 COMMENT='用户登录日志表';
/*!40101 SET character_set_client = @saved_cs_client */;

--
-- Dumping data for table `sd_login_log`
--

LOCK TABLES `sd_login_log` WRITE;
/*!40000 ALTER TABLE `sd_login_log` DISABLE KEYS */;
INSERT INTO `sd_login_log` VALUES (1,1,'1','admin',1573438380,'127.0.0.1',NULL,NULL),(2,1,'1','admin',1573438431,'127.0.0.1',NULL,NULL),(3,1,'1','admin',1573440876,'127.0.0.1',NULL,NULL),(4,1,'1','admin',1573626182,'127.0.0.1',NULL,NULL),(5,1,'1','admin',1573696679,'127.0.0.1',NULL,NULL),(6,1,'1','admin',NULL,NULL,1573700468,'127.0.0.1'),(7,1,'1','admin',1573701049,'127.0.0.1',NULL,NULL),(8,1,'1','admin',1573701100,'127.0.0.1',NULL,NULL),(9,1,'1','admin',1573701853,'127.0.0.1',NULL,NULL),(10,1,'1','admin',1573701868,'127.0.0.1',NULL,NULL),(11,1,'1','admin',NULL,NULL,1573702086,'127.0.0.1'),(12,1,'1','admin',1573702181,'127.0.0.1',NULL,NULL),(13,1,'1','admin',NULL,NULL,1573702216,'127.0.0.1'),(14,1,'1','admin',1573702428,'127.0.0.1',NULL,NULL),(15,1,'1','admin',NULL,NULL,1573702621,'127.0.0.1'),(16,1,'1','admin',1573702712,'127.0.0.1',NULL,NULL),(17,1,'1','admin',NULL,NULL,1573726444,'127.0.0.1'),(18,1,'1','admin',1573726457,'127.0.0.1',NULL,NULL),(19,1,'1','admin',1573779418,'127.0.0.1',NULL,NULL),(20,1,'1','admin',NULL,NULL,1573783296,'127.0.0.1'),(21,1,'1','admin',1573783314,'127.0.0.1',NULL,NULL),(22,1,'1','admin',NULL,NULL,1573784011,'127.0.0.1'),(23,1,'1','admin',1573784057,'127.0.0.1',NULL,NULL),(24,1,'1','admin',NULL,NULL,1573787357,'127.0.0.1'),(25,1,'1','admin',1573787370,'127.0.0.1',NULL,NULL),(26,1,'1','admin',NULL,NULL,1573787407,'127.0.0.1'),(27,1,'1','admin',1573787417,'127.0.0.1',NULL,NULL),(28,1,'1','admin',NULL,NULL,1573797940,'127.0.0.1'),(29,1,'1','admin',1573798392,'127.0.0.1',NULL,NULL),(30,1,'1','admin',1573953880,'127.0.0.1',NULL,NULL),(31,1,'1','admin',NULL,NULL,1573954949,'127.0.0.1'),(32,1,'1','admin',1573954960,'127.0.0.1',NULL,NULL),(33,1,'1','admin',NULL,NULL,1573960884,'127.0.0.1'),(34,1,'1','admin',1573960894,'127.0.0.1',NULL,NULL),(35,1,'1','admin',1574039175,'127.0.0.1',NULL,NULL),(36,2,'1','xiaoxin',1574046364,'127.0.0.1',NULL,NULL),(37,2,'1','xiaoxin',NULL,NULL,1574055949,'127.0.0.1'),(38,2,'1','xiaoxin',1574056019,'127.0.0.1',NULL,NULL),(39,1,'1','admin',1574125691,'127.0.0.1',NULL,NULL),(40,2,'1','xiaoxin',1574125734,'127.0.0.1',NULL,NULL),(41,1,'1','admin',1574211552,'127.0.0.1',NULL,NULL),(42,2,'1','xiaoxin',1574211569,'127.0.0.1',NULL,NULL),(43,2,'1','xiaoxin',NULL,NULL,1574238081,'127.0.0.1'),(44,2,'1','xiaoxin',1574238092,'127.0.0.1',NULL,NULL),(45,1,'1','admin',1574297717,'127.0.0.1',NULL,NULL),(46,2,'1','xiaoxin',1574297743,'127.0.0.1',NULL,NULL),(47,1,'3','lishishi',1574305942,'127.0.0.1',NULL,NULL),(48,1,'3','lishishi',NULL,NULL,1574306362,'127.0.0.1'),(49,1,'1','admin',NULL,NULL,1574316666,'127.0.0.1'),(50,1,'1','admin',1574316976,'127.0.0.1',NULL,NULL),(51,1,'1','admin',NULL,NULL,1574317000,'127.0.0.1'),(52,1,'1','admin',1574317184,'127.0.0.1',NULL,NULL),(53,1,'1','admin',NULL,NULL,1574318140,'127.0.0.1'),(54,1,'1','admin',1574318254,'127.0.0.1',NULL,NULL),(55,1,'1','admin',NULL,NULL,1574318422,'127.0.0.1'),(56,1,'1','admin',1574318431,'127.0.0.1',NULL,NULL),(57,1,'3','lishishi',1574319712,'127.0.0.1',NULL,NULL),(58,1,'3','lishishi',NULL,NULL,1574319761,'127.0.0.1'),(59,1,'1','admin',NULL,NULL,1574319779,'127.0.0.1'),(60,1,'1','admin',1574319868,'127.0.0.1',NULL,NULL),(61,1,'3','lishishi',1574319928,'127.0.0.1',NULL,NULL),(62,1,'3','lishishi',NULL,NULL,1574319982,'127.0.0.1'),(63,1,'3','lishishi',1574320033,'127.0.0.1',NULL,NULL),(64,1,'1','admin',NULL,NULL,1574322796,'127.0.0.1'),(65,1,'1','admin',1574322803,'127.0.0.1',NULL,NULL),(66,1,'1','admin',NULL,NULL,1574323537,'127.0.0.1'),(67,1,'1','admin',1574323548,'127.0.0.1',NULL,NULL),(68,1,'1','admin',NULL,NULL,1574323619,'127.0.0.1'),(69,1,'1','admin',1574323628,'127.0.0.1',NULL,NULL),(70,1,'1','admin',NULL,NULL,1574323930,'127.0.0.1'),(71,1,'1','admin',1574323938,'127.0.0.1',NULL,NULL),(72,1,'1','admin',NULL,NULL,1574324306,'127.0.0.1'),(73,1,'1','admin',1574324314,'127.0.0.1',NULL,NULL),(74,1,'1','admin',NULL,NULL,1574324384,'127.0.0.1'),(75,1,'1','admin',1574324391,'127.0.0.1',NULL,NULL),(76,1,'1','admin',1574384149,'127.0.0.1',NULL,NULL),(77,2,'1','xiaoxin',1574384618,'127.0.0.1',NULL,NULL),(78,1,'1','admin',NULL,NULL,1574387354,'127.0.0.1'),(79,1,'1','admin',1574387363,'127.0.0.1',NULL,NULL),(80,1,'1','admin',NULL,NULL,1574387576,'127.0.0.1'),(81,1,'1','admin',1574387584,'127.0.0.1',NULL,NULL),(82,2,'1','xiaoxin',NULL,NULL,1574393275,'127.0.0.1'),(83,2,'2','xiaodong',1574393287,'127.0.0.1',NULL,NULL),(84,1,'1','admin',1574650068,'127.0.0.1',NULL,NULL),(85,2,'1','xiaoxin',1574650111,'127.0.0.1',NULL,NULL),(86,2,'1','xiaoxin',NULL,NULL,1574650517,'127.0.0.1'),(87,2,'2','xiaodong',1574650527,'127.0.0.1',NULL,NULL),(88,1,'3','lishishi',1574671889,'127.0.0.1',NULL,NULL),(89,1,'1','admin',1574730245,'127.0.0.1',NULL,NULL),(90,2,'2','xiaodong',1574730268,'127.0.0.1',NULL,NULL),(91,1,'1','admin',1574816050,'127.0.0.1',NULL,NULL),(92,2,'2','xiaodong',1574816083,'127.0.0.1',NULL,NULL),(93,1,'1','admin',NULL,NULL,1574845082,'127.0.0.1'),(94,1,'1','admin',1574845091,'127.0.0.1',NULL,NULL),(95,1,'1','admin',NULL,NULL,1574845116,'127.0.0.1'),(96,1,'1','admin',1574845124,'127.0.0.1',NULL,NULL),(97,1,'1','admin',NULL,NULL,1574845188,'127.0.0.1'),(98,1,'1','admin',1574845195,'127.0.0.1',NULL,NULL),(99,3,'1','18259206866',1574852536,'127.0.0.1',NULL,NULL),(100,1,'1','admin',1574902680,'127.0.0.1',NULL,NULL),(101,2,'2','xiaodong',1574902711,'127.0.0.1',NULL,NULL),(102,3,'1','18259206866',1574903838,'127.0.0.1',NULL,NULL),(103,3,'1','18259206866',1574913119,'127.0.0.1',NULL,NULL),(104,3,'1','18259206866',1574920522,'127.0.0.1',NULL,NULL),(105,3,'1','18259206866',1574929593,'127.0.0.1',NULL,NULL),(106,3,'1','18259206866',1574937055,'127.0.0.1',NULL,NULL),(107,1,'1','admin',1574989270,'127.0.0.1',NULL,NULL),(108,2,'2','xiaodong',1574989290,'127.0.0.1',NULL,NULL),(109,3,'1','18259206866',1574993698,'127.0.0.1',NULL,NULL),(110,3,'1','18259206866',1575007229,'127.0.0.1',NULL,NULL),(111,3,'1','18259206866',1575014530,'127.0.0.1',NULL,NULL),(112,3,'1','18259206866',1575018196,'127.0.0.1',NULL,NULL),(113,3,'1','18259206866',1575019469,'127.0.0.1',NULL,NULL),(114,3,'1','18259206866',1575019814,'127.0.0.1',NULL,NULL),(115,3,'1','18259206866',1575019900,'127.0.0.1',NULL,NULL),(116,3,'1','黄小新',NULL,NULL,1575019930,'127.0.0.1'),(117,3,'1','18259206866',1575019956,'127.0.0.1',NULL,NULL),(118,3,'1','黄小新',NULL,NULL,1575020731,'127.0.0.1'),(119,3,'1','18259206866',1575020736,'127.0.0.1',NULL,NULL),(120,3,'1','黄小新',NULL,NULL,1575021010,'127.0.0.1'),(121,3,'1','18259206866',1575021012,'127.0.0.1',NULL,NULL),(122,3,'1','黄小新',NULL,NULL,1575021176,'127.0.0.1'),(123,3,'1','18259206866',1575021177,'127.0.0.1',NULL,NULL),(124,1,'1','admin',1575162821,'127.0.0.1',NULL,NULL),(125,2,'2','xiaodong',1575162841,'127.0.0.1',NULL,NULL),(126,3,'1','18259206866',1575164967,'127.0.0.1',NULL,NULL),(127,3,'1','18259206866',1575165883,'127.0.0.1',NULL,NULL),(128,3,'1','18259206866',1575165906,'127.0.0.1',NULL,NULL),(129,3,'1','18259206866',1575166005,'127.0.0.1',NULL,NULL),(130,3,'1','18259206866',1575180173,'127.0.0.1',NULL,NULL),(131,3,'1','18259206866',1575191109,'127.0.0.1',NULL,NULL),(132,3,'1','18259206866',1575197162,'27.154.154.239',NULL,NULL),(133,1,'1','admin',1575197187,'27.154.154.239',NULL,NULL),(134,3,'1','18259206866',1575197763,'223.104.49.91',NULL,NULL),(135,2,'2','xiaodong',1575215003,'223.157.28.144',NULL,NULL),(136,2,'2','xiaodong',NULL,NULL,1575215204,'223.157.28.144'),(137,1,'1','admin',1575215254,'223.157.28.144',NULL,NULL),(138,3,'1','18259206866',1575245033,'183.253.31.100',NULL,NULL),(139,3,'1','18259206866',1575247962,'27.154.154.239',NULL,NULL),(140,1,'1','admin',1575249137,'27.154.154.239',NULL,NULL),(141,1,'3','lishishi',1575253349,'27.154.154.239',NULL,NULL),(142,2,'2','xiaodong',1575253417,'27.154.154.239',NULL,NULL),(143,2,'3','shi001',1575253531,'27.154.154.239',NULL,NULL),(144,1,'3','lishishi',NULL,NULL,1575255282,'27.154.154.239'),(145,1,'3','lishishi',1575255292,'27.154.154.239',NULL,NULL),(146,1,'1','admin',NULL,NULL,1575257570,'127.0.0.1'),(147,1,'3','lishishi',1575257579,'127.0.0.1',NULL,NULL),(148,1,'3','lishishi',NULL,NULL,1575257646,'127.0.0.1'),(149,1,'1','admin',1575257653,'127.0.0.1',NULL,NULL),(150,1,'1','admin',NULL,NULL,1575257865,'127.0.0.1'),(151,1,'1','admin',1575257872,'127.0.0.1',NULL,NULL),(152,1,'1','admin',1575257977,'27.154.154.239',NULL,NULL),(153,1,'1','admin',NULL,NULL,1575258005,'27.154.154.239'),(154,1,'3','lishishi',1575258013,'27.154.154.239',NULL,NULL),(155,1,'3','lishishi',NULL,NULL,1575258104,'27.154.154.239'),(156,1,'1','admin',1575258112,'27.154.154.239',NULL,NULL),(157,1,'1','admin',NULL,NULL,1575258140,'27.154.154.239'),(158,1,'3','lishishi',1575258148,'27.154.154.239',NULL,NULL),(159,1,'1','admin',1575640132,'223.157.102.97',NULL,NULL),(160,3,'1','18259206866',1575641039,'223.157.102.97',NULL,NULL),(161,3,'1','18259206866',1575641067,'223.157.102.97',NULL,NULL),(162,3,'1','18259206866',1575641113,'223.157.102.97',NULL,NULL),(163,3,'1','18259206866',1575641152,'223.157.102.97',NULL,NULL),(164,3,'1','18259206866',1575641172,'223.157.102.97',NULL,NULL),(165,3,'1','18259206866',1575641215,'223.157.102.97',NULL,NULL),(166,3,'1','18259206866',1575641244,'223.157.102.97',NULL,NULL),(167,2,'2','xiaodong',1575641393,'223.157.102.97',NULL,NULL),(168,3,'1','18259206866',1575648741,'120.231.110.28',NULL,NULL),(169,2,'2','xiaodong',1575648844,'120.231.110.28',NULL,NULL),(170,1,'1','admin',1575648992,'120.231.110.28',NULL,NULL),(171,2,'2','xiaodong',1575649308,'120.231.110.28',NULL,NULL),(172,2,'2','xiaodong',1575680178,'120.231.110.28',NULL,NULL),(173,2,'2','xiaodong',1575685931,'223.157.102.97',NULL,NULL),(174,2,'2','xiaodong',1575767863,'120.231.110.28',NULL,NULL),(175,2,'2','xiaodong',1575899777,'223.157.158.207',NULL,NULL),(176,2,'2','xiaodong',1575899831,'223.157.158.207',NULL,NULL),(177,3,'1','18259206866',1575966622,'119.39.248.23',NULL,NULL),(178,2,'2','xiaodong',1575966731,'223.157.158.207',NULL,NULL),(179,1,'1','admin',1575985093,'223.157.158.207',NULL,NULL),(180,2,'1','xiaoxin',1576162482,'121.206.155.107',NULL,NULL),(181,2,'1','xiaoxin',1576162508,'121.206.155.107',NULL,NULL),(182,1,'1','admin',1576649121,'27.154.153.136',NULL,NULL),(183,2,'2','xiaodong',1576649130,'112.5.168.231',NULL,NULL),(184,1,'1','admin',1576649208,'112.5.168.231',NULL,NULL),(185,1,'1','admin',1576649251,'27.154.153.136',NULL,NULL),(186,3,'6','18259206866',1576649312,'27.154.153.136',NULL,NULL),(187,3,'7','12345678910',1576649346,'112.5.168.231',NULL,NULL),(188,3,'6','18259206866',1576649531,'112.5.168.231',NULL,NULL),(189,2,'1','xiaoxin',1576725794,'117.30.171.190',NULL,NULL),(190,1,'1','admin',1576989643,'183.253.30.234',NULL,NULL),(191,2,'2','xiaodong',1576995828,'112.5.168.231',NULL,NULL),(192,1,'1','admin',1576995876,'112.5.168.231',NULL,NULL),(193,1,'1','admin',1577062272,'117.30.171.190',NULL,NULL),(194,2,'2','xiaodong',1577078853,'112.5.168.231',NULL,NULL),(195,2,'2','xiaodong',1577078968,'112.5.168.231',NULL,NULL),(196,2,'2','xiaodong',NULL,NULL,1577081493,'112.5.168.231'),(197,2,'2','xiaodong',1577082882,'112.5.168.231',NULL,NULL),(198,1,'1','admin',1577084786,'112.5.168.231',NULL,NULL),(199,2,'2','xiaodong',1577115840,'223.104.6.4',NULL,NULL),(200,2,'1','xiaoxin',1577804312,'35.241.107.105',NULL,NULL),(201,3,'6','18259206866',1577804430,'35.241.107.105',NULL,NULL),(202,2,'1','xiaoxin',1577804554,'122.232.198.124',NULL,NULL),(203,1,'1','admin',1577804588,'122.232.198.124',NULL,NULL),(204,1,'1','admin',1577861229,'163.179.47.224',NULL,NULL),(205,2,'2','xiaodong',1577861341,'163.179.47.224',NULL,NULL),(206,2,'1','xiaoxin',1578557449,'117.28.132.38',NULL,NULL),(207,2,'1','xiaoxin',1578574066,'183.250.231.134',NULL,NULL),(208,2,'1','xiaoxin',1578622152,'183.250.231.134',NULL,NULL),(209,2,'1','xiaoxin',1578623424,'183.250.231.134',NULL,NULL),(210,1,'1','admin',1578739599,'183.253.8.172',NULL,NULL),(211,1,'1','admin',1579159356,'122.96.46.228',NULL,NULL),(212,1,'1','admin',1579159420,'122.96.46.228',NULL,NULL),(213,2,'1','xiaoxin',1579159510,'122.96.46.228',NULL,NULL),(214,1,'1','admin',NULL,NULL,1579164240,'122.96.46.228'),(215,3,'6','18259206866',1580384431,'39.158.152.36',NULL,NULL),(216,1,'1','admin',1580386119,'39.158.152.36',NULL,NULL),(217,2,'1','xiaoxin',1580784934,'39.158.154.45',NULL,NULL),(218,1,'1','admin',1580785043,'39.158.154.45',NULL,NULL),(219,3,'6','18259206866',1580786027,'39.158.154.45',NULL,NULL),(220,2,'1','xiaoxin',1580993697,'120.230.66.137',NULL,NULL),(221,1,'1','admin',1580993822,'120.230.66.137',NULL,NULL),(222,2,'1','xiaoxin',1581160781,'27.153.180.39',NULL,NULL),(223,2,'1','xiaoxin',1581170852,'120.230.66.137',NULL,NULL),(224,1,'1','admin',1581170927,'120.230.66.137',NULL,NULL),(225,2,'1','xiaoxin',1581180116,'110.52.4.174',NULL,NULL),(226,2,'1','xiaoxin',1581180190,'110.52.5.29',NULL,NULL),(227,2,'1','xiaoxin',1581503815,'183.202.85.31',NULL,NULL),(228,1,'1','admin',1581503923,'183.202.85.31',NULL,NULL),(229,2,'1','xiaoxin',1581606401,'183.252.9.24',NULL,NULL),(230,1,'1','admin',1581606559,'183.252.9.24',NULL,NULL),(231,1,'1','admin',1582101872,'122.96.43.224',NULL,NULL),(232,2,'1','xiaoxin',1582101992,'183.206.108.237',NULL,NULL),(233,2,'1','xiaoxin',1582108925,'117.30.169.145',NULL,NULL),(234,2,'1','xiaoxin',1582177991,'117.30.169.145',NULL,NULL),(235,1,'1','admin',1582182097,'120.227.88.71',NULL,NULL),(236,1,'1','admin',1582530942,'117.28.127.110',NULL,NULL),(237,1,'1','admin',1582544934,'58.62.167.214',NULL,NULL),(238,2,'1','xiaoxin',1582544985,'58.62.167.214',NULL,NULL),(239,1,'1','admin',1582545160,'58.62.167.214',NULL,NULL),(240,2,'1','xiaoxin',1582545645,'58.62.167.214',NULL,NULL),(241,3,'6','18259206866',1582619558,'117.28.127.110',NULL,NULL),(242,3,'6','18259206866',1582620074,'58.62.167.214',NULL,NULL),(243,3,'6','18259206866',1582620152,'58.62.167.214',NULL,NULL),(244,3,'6','18259206866',1582620176,'183.40.208.57',NULL,NULL),(245,2,'2','xiaodong',1582620790,'58.62.167.214',NULL,NULL),(246,1,'1','admin',1582620885,'58.62.167.214',NULL,NULL),(247,2,'2','xiaodong',1582621118,'117.28.127.110',NULL,NULL),(248,3,'6','李想想',NULL,NULL,1582621297,'58.62.167.214'),(249,3,'8','13822209082',1582621405,'58.62.167.214',NULL,NULL),(250,3,'8','13822209082',1582621554,'58.62.167.214',NULL,NULL),(251,2,'2','xiaodong',1582682485,'59.42.111.24',NULL,NULL),(252,1,'1','admin',1582682502,'59.42.111.24',NULL,NULL),(253,2,'2','xiaodong',NULL,NULL,1582682631,'59.42.111.24'),(254,2,'1','xiaoxin',1582682641,'59.42.111.24',NULL,NULL),(255,2,'1','xiaoxin',1582682644,'59.42.111.24',NULL,NULL),(256,2,'1','xiaoxin',1582708216,'59.42.111.24',NULL,NULL),(257,2,'1','xiaoxin',1582708533,'117.30.169.11',NULL,NULL),(258,2,'1','xiaoxin',1582765241,'117.28.127.175',NULL,NULL),(259,2,'1','xiaoxin',1582767089,'59.42.111.24',NULL,NULL),(260,3,'6','18259206866',1582770149,'59.42.111.24',NULL,NULL),(261,1,'1','admin',1582770160,'59.42.111.24',NULL,NULL),(262,1,'1','admin',1582770273,'59.42.111.24',NULL,NULL),(263,2,'1','xiaoxin',1582770441,'59.42.111.24',NULL,NULL),(264,3,'6','18259206866',1582770476,'59.42.111.24',NULL,NULL),(265,3,'6','李想想',NULL,NULL,1582770909,'59.42.111.24'),(266,3,'9','17371296953',1582771133,'59.42.111.24',NULL,NULL),(267,1,'1','admin',1582771403,'120.41.158.43',NULL,NULL),(268,2,'3','shi001',1582772023,'120.41.158.43',NULL,NULL),(269,3,'6','李想想',NULL,NULL,1582772439,'59.42.111.24'),(270,1,'1','admin',1582772448,'59.42.111.24',NULL,NULL),(271,3,'8','13822209082',1582772526,'59.42.111.24',NULL,NULL),(272,2,'1','xiaoxin',1582773608,'117.30.169.11',NULL,NULL),(273,1,'1','admin',1582773634,'117.30.169.11',NULL,NULL),(274,1,'1','admin',NULL,NULL,1582773754,'117.30.169.11'),(275,1,'3','lishishi',1582773767,'117.30.169.11',NULL,NULL),(276,2,'2','xiaodong',1582777327,'59.42.111.24',NULL,NULL),(277,1,'3','lishishi',NULL,NULL,1582777451,'117.30.169.11'),(278,1,'1','admin',1582777465,'117.30.169.11',NULL,NULL),(279,1,'1','admin',NULL,NULL,1582777652,'117.30.169.11'),(280,3,'9','17371296953',1582788918,'59.42.111.24',NULL,NULL),(281,2,'1','xiaoxin',1583590383,'39.186.24.30',NULL,NULL),(282,1,'1','admin',1588440489,'183.48.70.54',NULL,NULL),(283,2,'1','xiaoxin',1588918615,'113.109.197.208',NULL,NULL),(284,1,'1','admin',1589473439,'110.87.1.192',NULL,NULL),(285,1,'1','admin',1593413696,'106.122.175.16',NULL,NULL),(286,2,'1','xiaoxin',1593415326,'106.122.175.16',NULL,NULL),(287,1,'1','admin',1593415408,'106.122.175.16',NULL,NULL),(288,1,'1','admin',1593501327,'106.122.175.16',NULL,NULL),(289,1,'1','admin',1593504594,'106.122.175.16',NULL,NULL),(290,1,'1','admin',1593507673,'106.122.175.16',NULL,NULL),(291,1,'1','admin',1593508088,'106.122.175.16',NULL,NULL),(292,2,'1','xiaoxin',1593508197,'106.122.175.16',NULL,NULL),(293,1,'1','admin',NULL,NULL,1593508586,'106.122.175.16'),(294,1,'2','xiaoxiaoxin',1593508598,'106.122.175.16',NULL,NULL),(295,1,'2','xiaoxiaoxin',NULL,NULL,1593508630,'106.122.175.16'),(296,1,'1','admin',1593508649,'106.122.175.16',NULL,NULL),(297,1,'1','admin',NULL,NULL,1593509194,'106.122.175.16'),(298,1,'1','admin',1593509211,'106.122.175.16',NULL,NULL),(299,1,'1','admin',1593570624,'211.154.253.126',NULL,NULL),(300,2,'1','xiaoxin',1594523908,'116.23.160.84',NULL,NULL),(301,1,'1','admin',1594523932,'116.23.160.84',NULL,NULL),(302,2,'1','xiaoxin',1594712204,'61.140.95.28',NULL,NULL),(303,1,'1','admin',1594712234,'61.140.95.28',NULL,NULL),(304,1,'1','admin',1595451472,'113.200.12.101',NULL,NULL),(305,1,'1','admin',1602346370,'117.28.103.218',NULL,NULL),(306,2,'1','xiaoxin',1602346417,'117.28.103.218',NULL,NULL),(307,1,'1','admin',1602346482,'58.20.69.1',NULL,NULL),(308,2,'1','xiaoxin',1602470238,'120.228.118.61',NULL,NULL),(309,1,'1','admin',1602470279,'120.228.118.61',NULL,NULL),(310,1,'1','admin',1603157850,'120.228.118.42',NULL,NULL),(311,2,'1','xiaoxin',1603157956,'120.228.118.42',NULL,NULL),(312,2,'1','xiaoxin',NULL,NULL,1603167671,'120.228.118.42'),(313,1,'1','admin',NULL,NULL,1603167719,'120.228.118.42'),(314,1,'2','xiaoxiaoxin',1603167731,'120.228.118.42',NULL,NULL),(315,1,'2','xiaoxiaoxin',NULL,NULL,1603167760,'120.228.118.42'),(316,1,'1','admin',1603167774,'120.228.118.42',NULL,NULL),(317,2,'3','shi001',1603167841,'120.228.118.42',NULL,NULL),(318,1,'1','admin',1603351277,'120.228.116.72',NULL,NULL),(319,1,'1','admin',1603351912,'120.228.116.72',NULL,NULL),(320,2,'1','xiaoxin',1603351961,'120.228.116.72',NULL,NULL),(321,1,'1','admin',1603376106,'60.182.133.33',NULL,NULL),(322,2,'1','xiaoxin',1603376213,'60.182.133.33',NULL,NULL),(323,1,'1','admin',1603376595,'183.192.35.96',NULL,NULL),(324,1,'1','admin',1603762333,'118.251.38.172',NULL,NULL),(325,2,'1','xiaoxin',1603762646,'118.251.38.172',NULL,NULL),(326,1,'1','admin',1603950259,'120.228.116.83',NULL,NULL),(327,2,'3','shi001',1603950290,'120.228.116.83',NULL,NULL),(328,3,'10','13548788782',1603950868,'120.228.116.83',NULL,NULL),(329,1,'1','admin',NULL,NULL,1603952265,'120.228.116.83'),(330,1,'3','lishishi',1603952278,'120.228.116.83',NULL,NULL),(331,1,'3','lishishi',NULL,NULL,1603952354,'120.228.116.83'),(332,1,'1','admin',1603952366,'120.228.116.83',NULL,NULL),(333,1,'1','admin',NULL,NULL,1603952389,'120.228.116.83'),(334,1,'2','xiaoxiaoxin',1603952401,'120.228.116.83',NULL,NULL),(335,1,'2','xiaoxiaoxin',1603952460,'117.30.167.127',NULL,NULL),(336,1,'2','xiaoxiaoxin',NULL,NULL,1603952462,'120.228.116.83'),(337,1,'1','admin',1603952478,'120.228.116.83',NULL,NULL),(338,1,'2','xiaoxiaoxin',NULL,NULL,1603952506,'117.30.167.127'),(339,2,'3','shi001',1603952604,'117.30.167.127',NULL,NULL),(340,3,'10','13548788782',1603952829,'120.228.116.83',NULL,NULL),(341,1,'1','admin',1603952834,'117.30.167.127',NULL,NULL),(342,1,'1','admin',NULL,NULL,1603952972,'117.30.167.127'),(343,1,'3','lishishi',1603952989,'117.30.167.127',NULL,NULL),(344,1,'3','lishishi',NULL,NULL,1603953017,'117.30.167.127'),(345,2,'3','shi001',NULL,NULL,1603953194,'117.30.167.127'),(346,1,'1','admin',1603953970,'117.30.167.127',NULL,NULL),(347,1,'1','admin',NULL,NULL,1603954078,'117.30.167.127'),(348,1,'2','xiaoxiaoxin',1603954090,'117.30.167.127',NULL,NULL),(349,1,'2','xiaoxiaoxin',NULL,NULL,1603954482,'117.30.167.127'),(350,1,'1','admin',1603954495,'117.30.167.127',NULL,NULL),(351,1,'1','admin',NULL,NULL,1603956072,'117.30.167.127'),(352,1,'1','admin',1603956142,'117.30.167.127',NULL,NULL),(353,1,'1','admin',1603956251,'120.228.116.83',NULL,NULL),(354,1,'1','admin',1603958708,'117.30.167.127',NULL,NULL),(355,2,'3','shi001',1603959628,'117.30.167.127',NULL,NULL),(356,1,'1','admin',1603960133,'117.30.167.127',NULL,NULL),(357,1,'1','admin',NULL,NULL,1603964032,'120.228.116.83'),(358,1,'1','admin',1603964045,'120.228.116.83',NULL,NULL);
/*!40000 ALTER TABLE `sd_login_log` ENABLE KEYS */;
UNLOCK TABLES;

--
-- Table structure for table `sd_message`
--

DROP TABLE IF EXISTS `sd_message`;
/*!40101 SET @saved_cs_client     = @@character_set_client */;
/*!40101 SET character_set_client = utf8 */;
CREATE TABLE `sd_message` (
  `id` int(11) NOT NULL AUTO_INCREMENT COMMENT '表id',
  `type` tinyint(4) DEFAULT '1' COMMENT '类型 1弹窗 2链接',
  `platform` int(10) DEFAULT '0' COMMENT '发布平台 0所有端 1联盟端 2商家端 3业务员端',
  `title` varchar(255) NOT NULL COMMENT '标题',
  `content` text NOT NULL COMMENT '内容',
  `url` varchar(255) NOT NULL COMMENT '链接',
  `sort` int(10) DEFAULT '50' COMMENT '排序',
  `status` tinyint(1) DEFAULT '0' COMMENT '是否启用 0否 1是',
  `create_time` int(10) DEFAULT '0' COMMENT '添加时间',
  `update_time` int(10) DEFAULT '0' COMMENT '更新时间',
  `begin_time` int(10) DEFAULT '0' COMMENT '开始时间',
  `end_time` int(10) DEFAULT '0' COMMENT '结束时间',
  PRIMARY KEY (`id`)
) ENGINE=InnoDB AUTO_INCREMENT=5 DEFAULT CHARSET=utf8 COMMENT='系统公告表';
/*!40101 SET character_set_client = @saved_cs_client */;

--
-- Dumping data for table `sd_message`
--

LOCK TABLES `sd_message` WRITE;
/*!40000 ALTER TABLE `sd_message` DISABLE KEYS */;
INSERT INTO `sd_message` VALUES (1,1,1,'测试一个公告内容哈哈1111','<p>公告的内容公告的内容公告的内容公告的内容公告的内容公告的内容公告的内容公告的内容公告的内容公告的内容公告的内容公告的内容公告的内容公告的内容公告的内容公告的内容公告的内容公告的内容公告的内容公告的内容公告的内容公告的内容公告的内容公告的内容公告的内容公告的内容公告的内容公告的内容公告的内容公告的内容公告的内容公告的内容公告的内容公告的内容公告的内容公告的内容</p>','',50,1,1573955901,0,1573955827,1574301429),(2,1,0,'测试一个所有端的公告','<p>测试一个所有端的公告测试一个所有端的公告测试一个所有端的公告测试一个所有端的公告测试一个所有端的公告测试一个所有端的公告</p>','',50,1,1574299276,0,1574299271,1575043200),(3,1,0,'欢迎使用本系统aasfasdf','<p>欢迎使用本系统aasfasdf欢迎使用本系统aasfasdf欢迎使用本系统aasfasdf欢迎使用本系统aasfasdf欢迎使用本系统aasfasdf欢迎使用本系统aasfasdf欢迎使用本系统aasfasdf欢迎使用本系统aasfasdf欢迎使用本系统aasfasdf欢迎使用本系统aasfasdf欢迎使用本系统aasfasdf</p>','',50,1,1574301835,0,1574301872,1576893874),(4,1,3,'业务员端公告测试一个标题','<p>业务员端公告测试一个标题业务员端公告测试一个标题业务员端公告测试一个标题业务员端公告测试一个标题业务员端公告测试一个标题业务员端公告测试一个标题业务员端公告测试一个标题业务员端公告测试一个标题业务员端公告测试一个标题业务员端公告测试一个标题业务员端公告测试一个标题业务员端公告测试一个标题业务员端公告测试一个标题业务员端公告测试一个标题业务员端公告测试一个标题业务员端公告测试一个标题业务员端公告测试一个标题业务员端公告测试一个标题业务员端公告测试一个标题业务员端公告测试一个标题业务员端公告测试一个标题业务员端公告测试一个标题业务员端公告测试一个标题业务员端公告测试一个标题业务员端公告测试一个标题业务员端公告测试一个标题业务员端公告测试一个标题业务员端公告测试一个标题&nbsp;</p>','',50,1,1575196349,0,1575196344,1580486400);
/*!40000 ALTER TABLE `sd_message` ENABLE KEYS */;
UNLOCK TABLES;

--
-- Table structure for table `sd_msg_user`
--

DROP TABLE IF EXISTS `sd_msg_user`;
/*!40101 SET @saved_cs_client     = @@character_set_client */;
/*!40101 SET character_set_client = utf8 */;
CREATE TABLE `sd_msg_user` (
  `id` int(10) NOT NULL AUTO_INCREMENT,
  `user_id` int(11) DEFAULT '0' COMMENT '用户ID',
  `user_type` tinyint(1) DEFAULT '1' COMMENT '用户类型 1业务员 2商家 3管理员',
  `msg_id` int(10) NOT NULL COMMENT '消息ID',
  `is_read` tinyint(4) NOT NULL DEFAULT '0' COMMENT '0未读 1已读',
  PRIMARY KEY (`id`),
  KEY `user_id` (`user_id`),
  KEY `user_type` (`user_type`)
) ENGINE=InnoDB AUTO_INCREMENT=10 DEFAULT CHARSET=utf8 COMMENT='消息读取记录表';
/*!40101 SET character_set_client = @saved_cs_client */;

--
-- Dumping data for table `sd_msg_user`
--

LOCK TABLES `sd_msg_user` WRITE;
/*!40000 ALTER TABLE `sd_msg_user` DISABLE KEYS */;
INSERT INTO `sd_msg_user` VALUES (1,1,2,2,1),(2,1,2,3,1),(5,3,3,3,1),(6,3,3,2,1),(7,2,2,3,1),(8,2,2,2,1),(9,3,2,3,1);
/*!40000 ALTER TABLE `sd_msg_user` ENABLE KEYS */;
UNLOCK TABLES;

--
-- Table structure for table `sd_notice`
--

DROP TABLE IF EXISTS `sd_notice`;
/*!40101 SET @saved_cs_client     = @@character_set_client */;
/*!40101 SET character_set_client = utf8 */;
CREATE TABLE `sd_notice` (
  `id` int(11) NOT NULL AUTO_INCREMENT COMMENT '表id',
  `type` tinyint(4) DEFAULT '1' COMMENT '类型 1通知 2私信',
  `send_user_id` int(10) DEFAULT '0' COMMENT '发送用户 0系统',
  `user_id` int(10) DEFAULT '0' COMMENT '接收用户',
  `user_type` tinyint(1) NOT NULL DEFAULT '1' COMMENT '用户类型 1业务员 2商家 3管理员',
  `msg_id` int(10) DEFAULT '0' COMMENT '消息id',
  `title` varchar(255) NOT NULL COMMENT '标题',
  `content` text NOT NULL COMMENT '内容',
  `status` tinyint(1) DEFAULT '0' COMMENT '状态 0未读 1已读',
  `create_time` int(10) DEFAULT '0' COMMENT '添加时间',
  PRIMARY KEY (`id`),
  KEY `type` (`type`),
  KEY `send_user_id` (`send_user_id`),
  KEY `user_id` (`user_id`)
) ENGINE=InnoDB AUTO_INCREMENT=6 DEFAULT CHARSET=utf8 COMMENT='系统通知表';
/*!40101 SET character_set_client = @saved_cs_client */;

--
-- Dumping data for table `sd_notice`
--

LOCK TABLES `sd_notice` WRITE;
/*!40000 ALTER TABLE `sd_notice` DISABLE KEYS */;
INSERT INTO `sd_notice` VALUES (2,1,1,2,1,1,'【工单号:1】现在这个系统到底怎么样呢？请处理','<p>现在这个系统到底怎么样呢？现在这个系统到底怎么样呢？现在这个系统到底怎么样呢？现在这个系统到底怎么样呢？现在这个系统到底怎么样呢？现在这个系统到底怎么样呢？现在这个系统到底怎么样呢？</p>',0,1574045261),(3,1,1,2,1,3,'【工单号:3】在要要顶替工一在要基左在请处理','“当前，世界多极化、经济全球化、文化多样化、社会信息化深入发展，人类社会充满希望。同时，国际形势的不稳定性不确定性更加突出，人类面临的全球性挑战更加严峻，需要世界各国齐心协力、共同应对。”\n\n2019年，习近平主席先后7次出访，主持4次主场外交，以坚定自信的政治气魄、大国领袖的责任担当，深入思考人类前途命运，从容书写外交华章，有力提升了中国的感召力和影响力。央视网《联播+》梳理相关讲话，以飨读者。',0,1593508554),(4,1,0,1,3,4,'【工单号:4】#饿鬼出没#YABA先生请全南加州人民吃螃蟹请处理','<p>43热敷的</p>',0,1603950965),(5,1,1,1,1,5,'【工单号:5】以后会后悔请处理','虎踞关',0,1603952928);
/*!40000 ALTER TABLE `sd_notice` ENABLE KEYS */;
UNLOCK TABLES;

--
-- Table structure for table `sd_order`
--

DROP TABLE IF EXISTS `sd_order`;
/*!40101 SET @saved_cs_client     = @@character_set_client */;
/*!40101 SET character_set_client = utf8 */;
CREATE TABLE `sd_order` (
  `id` int(11) unsigned NOT NULL AUTO_INCREMENT COMMENT '订单id',
  `plan_id` int(10) DEFAULT NULL COMMENT '计划ID',
  `task_id` int(10) DEFAULT NULL COMMENT '任务ID',
  `shop_name` varchar(255) DEFAULT NULL COMMENT '店铺名称',
  `shop_id` int(10) NOT NULL COMMENT '店铺ID',
  `goods_id` varchar(255) DEFAULT NULL COMMENT '商品ID',
  `goods_name` varchar(255) DEFAULT NULL COMMENT '商品名称',
  `goods_num` int(10) DEFAULT NULL COMMENT '商品件数',
  `goods_sku` varchar(255) DEFAULT NULL COMMENT '商品SKU',
  `goods_pic` varchar(255) DEFAULT NULL COMMENT '商品图片',
  `seller_id` mediumint(8) DEFAULT NULL COMMENT '商家ID',
  `superior_id` int(10) DEFAULT '0' COMMENT '上级联盟ID',
  `user_id` int(10) DEFAULT NULL COMMENT '业务员id',
  `user_name` varchar(50) DEFAULT NULL COMMENT '业务员名称',
  `money` decimal(10,2) unsigned DEFAULT NULL COMMENT '预付金额',
  `down_price` decimal(10,2) unsigned DEFAULT NULL COMMENT '实际下单金额',
  `keyword` varchar(50) NOT NULL COMMENT '关键字',
  `tb_user` varchar(50) DEFAULT NULL COMMENT '淘宝号',
  `tb_order_sn` varchar(255) DEFAULT NULL COMMENT '淘宝订单号',
  `gain_money` decimal(10,2) DEFAULT '0.00' COMMENT '此单获得的佣金',
  `province` varchar(50) DEFAULT '0' COMMENT '省份',
  `city` varchar(50) DEFAULT '0' COMMENT '城市',
  `remark` varchar(255) DEFAULT NULL COMMENT '备注',
  `status` tinyint(1) unsigned NOT NULL DEFAULT '0' COMMENT '订单状态 0待拍下 1进行中 2已完成',
  `create_time` int(10) NOT NULL DEFAULT '0' COMMENT '创建时间',
  `update_time` int(10) DEFAULT NULL COMMENT '更新时间',
  PRIMARY KEY (`id`),
  KEY `user_id` (`user_id`),
  KEY `plan_id` (`plan_id`),
  KEY `task_id` (`task_id`),
  KEY `seller_id` (`seller_id`),
  KEY `superior_id` (`superior_id`),
  KEY `tb_user` (`tb_user`)
) ENGINE=InnoDB AUTO_INCREMENT=270 DEFAULT CHARSET=utf8 COMMENT='订单表';
/*!40101 SET character_set_client = @saved_cs_client */;

--
-- Dumping data for table `sd_order`
--

LOCK TABLES `sd_order` WRITE;
/*!40000 ALTER TABLE `sd_order` DISABLE KEYS */;
INSERT INTO `sd_order` VALUES (1,1,0,'东东数码旗舰店',3,'234123512431243','索尼（SONY）PS4 Pro PlayStation国行游戏机 1TB主机',3,'32G内存','/uploads/20191122/9ba3e8762f6064040376f890fc9e6987.jpg',2,1,0,'',5580.00,0.00,'索尼游戏机','','',1.00,'0','130200','',0,1574841662,1582771009),(2,1,0,'东东数码旗舰店',3,'234123512431243','索尼（SONY）PS4 Pro PlayStation国行游戏机 1TB主机',3,'32G内存','/uploads/20191122/9ba3e8762f6064040376f890fc9e6987.jpg',2,1,0,'',5580.00,0.00,'索尼游戏机','','',1.00,'0','350100','',0,1574841662,1582771009),(3,1,0,'东东数码旗舰店',3,'234123512431243','索尼（SONY）PS4 Pro PlayStation国行游戏机 1TB主机',3,'32G内存','/uploads/20191122/9ba3e8762f6064040376f890fc9e6987.jpg',2,1,0,'',5580.00,0.00,'索尼游戏机','','',1.00,'0','350200','',0,1574841662,1582771009),(4,1,0,'东东数码旗舰店',3,'234123512431243','索尼（SONY）PS4 Pro PlayStation国行游戏机 1TB主机',3,'32G内存','/uploads/20191122/9ba3e8762f6064040376f890fc9e6987.jpg',2,1,0,'',5580.00,0.00,'索尼游戏机','','',1.00,'0','350400','',0,1574841662,1582771009),(5,1,0,'东东数码旗舰店',3,'234123512431243','索尼（SONY）PS4 Pro PlayStation国行游戏机 1TB主机',3,'32G内存','/uploads/20191122/9ba3e8762f6064040376f890fc9e6987.jpg',2,1,0,'',5580.00,0.00,'索尼游戏机','','',1.00,'0','350600','',0,1574841662,1582771009),(6,1,0,'东东数码旗舰店',3,'234123512431243','索尼（SONY）PS4 Pro PlayStation国行游戏机 1TB主机',3,'32G内存','/uploads/20191122/9ba3e8762f6064040376f890fc9e6987.jpg',2,1,0,'',5580.00,0.00,'索尼游戏机','','',1.00,'0','350400','',0,1574841662,1574844846),(7,1,38,'东东数码旗舰店',3,'234123512431243','索尼（SONY）PS4 Pro PlayStation国行游戏机 1TB主机',3,'32G内存','/uploads/20191122/9ba3e8762f6064040376f890fc9e6987.jpg',2,1,NULL,NULL,5580.00,5580.00,'索尼游戏机',NULL,NULL,1.00,'0','350400',NULL,1,1574841662,NULL),(8,1,0,'东东数码旗舰店',3,'234123512431243','索尼（SONY）PS4 Pro PlayStation国行游戏机 1TB主机',3,'32G内存','/uploads/20191122/9ba3e8762f6064040376f890fc9e6987.jpg',2,1,0,'',5580.00,0.00,'索尼游戏机','','',1.00,'0','350600','',0,1574841662,1582771009),(9,1,0,'东东数码旗舰店',3,'234123512431243','索尼（SONY）PS4 Pro PlayStation国行游戏机 1TB主机',3,'32G内存','/uploads/20191122/9ba3e8762f6064040376f890fc9e6987.jpg',2,1,0,'',5580.00,0.00,'索尼游戏机','','',1.00,'0','350200','',0,1574841662,1582771009),(10,1,0,'东东数码旗舰店',3,'234123512431243','索尼（SONY）PS4 Pro PlayStation国行游戏机 1TB主机',3,'32G内存','/uploads/20191122/9ba3e8762f6064040376f890fc9e6987.jpg',2,1,0,'',5580.00,0.00,'索尼游戏机','','',1.00,'0','350600','',0,1574841662,1574844219),(11,1,0,'东东数码旗舰店',3,'234123512431243','索尼（SONY）PS4 Pro PlayStation国行游戏机 1TB主机',3,'32G内存','/uploads/20191122/9ba3e8762f6064040376f890fc9e6987.jpg',2,1,0,'',5580.00,0.00,'索尼游戏机','','',1.00,'0','350200','',0,1574841662,1582771009),(12,1,0,'东东数码旗舰店',3,'234123512431243','索尼（SONY）PS4 Pro PlayStation国行游戏机 1TB主机',3,'32G内存','/uploads/20191122/9ba3e8762f6064040376f890fc9e6987.jpg',2,1,0,'',5580.00,0.00,'索尼游戏机','','',1.00,'0','350200','',0,1574841662,1582771009),(13,1,0,'东东数码旗舰店',3,'234123512431243','索尼（SONY）PS4 Pro PlayStation国行游戏机 1TB主机',3,'32G内存','/uploads/20191122/9ba3e8762f6064040376f890fc9e6987.jpg',2,1,0,'',5580.00,0.00,'索尼游戏机','','',1.00,'0','350100','',0,1574841662,1582771009),(14,1,0,'东东数码旗舰店',3,'234123512431243','索尼（SONY）PS4 Pro PlayStation国行游戏机 1TB主机',3,'32G内存','/uploads/20191122/9ba3e8762f6064040376f890fc9e6987.jpg',2,1,0,'',5580.00,0.00,'索尼游戏机','','',1.00,'0','350100','',0,1574841662,1582771009),(15,1,0,'东东数码旗舰店',3,'234123512431243','索尼（SONY）PS4 Pro PlayStation国行游戏机 1TB主机',3,'32G内存','/uploads/20191122/9ba3e8762f6064040376f890fc9e6987.jpg',2,1,0,'',5580.00,0.00,'索尼游戏机','','',1.00,'0','350400','',0,1574841662,1582771009),(16,1,0,'东东数码旗舰店',3,'234123512431243','索尼（SONY）PS4 Pro PlayStation国行游戏机 1TB主机',3,'32G内存','/uploads/20191122/9ba3e8762f6064040376f890fc9e6987.jpg',2,1,0,'',5580.00,0.00,'索尼游戏机','','',1.00,'0','350400','',0,1574841662,1582771009),(17,1,0,'东东数码旗舰店',3,'234123512431243','索尼（SONY）PS4 Pro PlayStation国行游戏机 1TB主机',3,'32G内存','/uploads/20191122/9ba3e8762f6064040376f890fc9e6987.jpg',2,1,0,'',5580.00,0.00,'索尼游戏机','','',1.00,'0','350600','',0,1574841662,1582771009),(18,1,0,'东东数码旗舰店',3,'234123512431243','索尼（SONY）PS4 Pro PlayStation国行游戏机 1TB主机',3,'32G内存','/uploads/20191122/9ba3e8762f6064040376f890fc9e6987.jpg',2,1,0,'',5580.00,0.00,'索尼游戏机','','',1.00,'0','130200','',0,1574841662,1582771009),(19,1,0,'东东数码旗舰店',3,'234123512431243','索尼（SONY）PS4 Pro PlayStation国行游戏机 1TB主机',3,'32G内存','/uploads/20191122/9ba3e8762f6064040376f890fc9e6987.jpg',2,1,0,'',5580.00,0.00,'索尼游戏机','','',1.00,'0','350100','',0,1574841662,1582771009),(20,1,0,'东东数码旗舰店',3,'234123512431243','索尼（SONY）PS4 Pro PlayStation国行游戏机 1TB主机',3,'32G内存','/uploads/20191122/9ba3e8762f6064040376f890fc9e6987.jpg',2,1,0,'',5580.00,0.00,'索尼游戏机','','',1.00,'0','350600','',0,1574841662,1582771009),(21,2,34,'东东数码旗舰店',3,'234123512431243','索尼（SONY）PS4 Pro PlayStation国行游戏机 1TB主机',2,'64G内存','/uploads/20191122/9ba3e8762f6064040376f890fc9e6987.jpg',2,1,NULL,NULL,3720.00,3720.00,'索尼PS4',NULL,NULL,1.00,'0','350100',NULL,1,1574841662,NULL),(22,2,0,'东东数码旗舰店',3,'234123512431243','索尼（SONY）PS4 Pro PlayStation国行游戏机 1TB主机',2,'64G内存','/uploads/20191122/9ba3e8762f6064040376f890fc9e6987.jpg',2,1,0,'',3720.00,0.00,'索尼PS4','','',1.00,'0','350400','',0,1574841662,1582771009),(23,2,3,'东东数码旗舰店',3,'234123512431243','索尼（SONY）PS4 Pro PlayStation国行游戏机 1TB主机',2,'64G内存','/uploads/20191122/9ba3e8762f6064040376f890fc9e6987.jpg',2,1,NULL,NULL,3720.00,3720.00,'索尼PS4','',NULL,5.00,'0','350200','',1,1574841662,NULL),(24,2,0,'东东数码旗舰店',3,'234123512431243','索尼（SONY）PS4 Pro PlayStation国行游戏机 1TB主机',2,'64G内存','/uploads/20191122/9ba3e8762f6064040376f890fc9e6987.jpg',2,1,0,'',3720.00,0.00,'索尼PS4','','',1.00,'0','350600','',0,1574841662,1582771009),(25,2,0,'东东数码旗舰店',3,'234123512431243','索尼（SONY）PS4 Pro PlayStation国行游戏机 1TB主机',2,'64G内存','/uploads/20191122/9ba3e8762f6064040376f890fc9e6987.jpg',2,1,0,'',3720.00,0.00,'索尼PS4','','',1.00,'0','350600','',0,1574841662,1582771009),(26,2,0,'东东数码旗舰店',3,'234123512431243','索尼（SONY）PS4 Pro PlayStation国行游戏机 1TB主机',2,'64G内存','/uploads/20191122/9ba3e8762f6064040376f890fc9e6987.jpg',2,1,0,'',3720.00,0.00,'索尼PS4','','',1.00,'0','350200','',0,1574841662,1582771009),(27,2,0,'东东数码旗舰店',3,'234123512431243','索尼（SONY）PS4 Pro PlayStation国行游戏机 1TB主机',2,'64G内存','/uploads/20191122/9ba3e8762f6064040376f890fc9e6987.jpg',2,1,0,'',3720.00,0.00,'索尼PS4','','',1.00,'0','130200','',0,1574841662,1582771009),(28,2,0,'东东数码旗舰店',3,'234123512431243','索尼（SONY）PS4 Pro PlayStation国行游戏机 1TB主机',2,'64G内存','/uploads/20191122/9ba3e8762f6064040376f890fc9e6987.jpg',2,1,0,'',3720.00,0.00,'索尼PS4','','',1.00,'0','130200','',0,1574841662,1582771009),(29,2,40,'东东数码旗舰店',3,'234123512431243','索尼（SONY）PS4 Pro PlayStation国行游戏机 1TB主机',2,'64G内存','/uploads/20191122/9ba3e8762f6064040376f890fc9e6987.jpg',2,1,NULL,NULL,3720.00,3720.00,'索尼PS4',NULL,NULL,1.00,'0','350400',NULL,1,1574841662,NULL),(30,2,0,'东东数码旗舰店',3,'234123512431243','索尼（SONY）PS4 Pro PlayStation国行游戏机 1TB主机',2,'64G内存','/uploads/20191122/9ba3e8762f6064040376f890fc9e6987.jpg',2,1,0,'',3720.00,0.00,'索尼PS4','','',1.00,'0','350600','',0,1574841662,1582771009),(31,2,0,'东东数码旗舰店',3,'234123512431243','索尼（SONY）PS4 Pro PlayStation国行游戏机 1TB主机',2,'64G内存','/uploads/20191122/9ba3e8762f6064040376f890fc9e6987.jpg',2,1,0,'',3720.00,0.00,'索尼PS4','','',1.00,'0','130200','',0,1574841662,1582771009),(32,2,0,'东东数码旗舰店',3,'234123512431243','索尼（SONY）PS4 Pro PlayStation国行游戏机 1TB主机',2,'64G内存','/uploads/20191122/9ba3e8762f6064040376f890fc9e6987.jpg',2,1,0,'',3720.00,0.00,'索尼PS4','','',1.00,'0','350100','',0,1574841662,1582771009),(33,2,0,'东东数码旗舰店',3,'234123512431243','索尼（SONY）PS4 Pro PlayStation国行游戏机 1TB主机',2,'64G内存','/uploads/20191122/9ba3e8762f6064040376f890fc9e6987.jpg',2,1,0,'',3720.00,0.00,'索尼PS4','','',1.00,'0','350100','',0,1574841662,1582771009),(34,2,0,'东东数码旗舰店',3,'234123512431243','索尼（SONY）PS4 Pro PlayStation国行游戏机 1TB主机',2,'64G内存','/uploads/20191122/9ba3e8762f6064040376f890fc9e6987.jpg',2,1,0,'',3720.00,0.00,'索尼PS4','','',1.00,'0','130200','',0,1574841662,1582771009),(35,2,0,'东东数码旗舰店',3,'234123512431243','索尼（SONY）PS4 Pro PlayStation国行游戏机 1TB主机',2,'64G内存','/uploads/20191122/9ba3e8762f6064040376f890fc9e6987.jpg',2,1,0,'',3720.00,0.00,'索尼PS4','','',1.00,'0','350100','',0,1574841662,1582771009),(36,2,0,'东东数码旗舰店',3,'234123512431243','索尼（SONY）PS4 Pro PlayStation国行游戏机 1TB主机',2,'64G内存','/uploads/20191122/9ba3e8762f6064040376f890fc9e6987.jpg',2,1,0,'',3720.00,0.00,'索尼PS4','','',1.00,'0','350400','',0,1574841662,1582771009),(37,2,0,'东东数码旗舰店',3,'234123512431243','索尼（SONY）PS4 Pro PlayStation国行游戏机 1TB主机',2,'64G内存','/uploads/20191122/9ba3e8762f6064040376f890fc9e6987.jpg',2,1,0,'',3720.00,0.00,'索尼PS4','','',1.00,'0','350100','',0,1574841662,1582771009),(38,2,NULL,'东东数码旗舰店',3,'234123512431243','索尼（SONY）PS4 Pro PlayStation国行游戏机 1TB主机',2,'64G内存','/uploads/20191122/9ba3e8762f6064040376f890fc9e6987.jpg',2,1,NULL,NULL,3720.00,3720.00,'索尼PS4',NULL,NULL,1.00,'0','350100',NULL,0,1574841662,NULL),(39,2,0,'东东数码旗舰店',3,'234123512431243','索尼（SONY）PS4 Pro PlayStation国行游戏机 1TB主机',2,'64G内存','/uploads/20191122/9ba3e8762f6064040376f890fc9e6987.jpg',2,1,0,'',3720.00,0.00,'索尼PS4','','',1.00,'0','130200','',0,1574841662,1582771009),(40,2,0,'东东数码旗舰店',3,'234123512431243','索尼（SONY）PS4 Pro PlayStation国行游戏机 1TB主机',2,'64G内存','/uploads/20191122/9ba3e8762f6064040376f890fc9e6987.jpg',2,1,0,'',3720.00,0.00,'索尼PS4','','',1.00,'0','350100','',0,1574841662,1582771009),(41,3,0,'东东数码旗舰店',3,'234123512431243','索尼（SONY）PS4 Pro PlayStation国行游戏机 1TB主机',1,'128G内存','/uploads/20191122/9ba3e8762f6064040376f890fc9e6987.jpg',2,1,0,'',1860.00,0.00,'索尼国行游戏机','','',1.00,'0','350600','',0,1574841662,1582771009),(42,3,0,'东东数码旗舰店',3,'234123512431243','索尼（SONY）PS4 Pro PlayStation国行游戏机 1TB主机',1,'128G内存','/uploads/20191122/9ba3e8762f6064040376f890fc9e6987.jpg',2,1,0,'',1860.00,0.00,'索尼国行游戏机','','',1.00,'0','350100','',0,1574841662,1582771009),(43,3,0,'东东数码旗舰店',3,'234123512431243','索尼（SONY）PS4 Pro PlayStation国行游戏机 1TB主机',1,'128G内存','/uploads/20191122/9ba3e8762f6064040376f890fc9e6987.jpg',2,1,0,'',1860.00,0.00,'索尼国行游戏机','','',1.00,'0','350600','',0,1574841662,1574844219),(44,3,0,'东东数码旗舰店',3,'234123512431243','索尼（SONY）PS4 Pro PlayStation国行游戏机 1TB主机',1,'128G内存','/uploads/20191122/9ba3e8762f6064040376f890fc9e6987.jpg',2,1,0,'',1860.00,0.00,'索尼国行游戏机','','',1.00,'0','350200','',0,1574841662,1582771009),(45,3,0,'东东数码旗舰店',3,'234123512431243','索尼（SONY）PS4 Pro PlayStation国行游戏机 1TB主机',1,'128G内存','/uploads/20191122/9ba3e8762f6064040376f890fc9e6987.jpg',2,1,0,'',1860.00,0.00,'索尼国行游戏机','','',1.00,'0','130200','',0,1574841662,1582771009),(46,3,0,'东东数码旗舰店',3,'234123512431243','索尼（SONY）PS4 Pro PlayStation国行游戏机 1TB主机',1,'128G内存','/uploads/20191122/9ba3e8762f6064040376f890fc9e6987.jpg',2,1,0,'',1860.00,0.00,'索尼国行游戏机','','',1.00,'0','130200','',0,1574841662,1582771009),(47,3,0,'东东数码旗舰店',3,'234123512431243','索尼（SONY）PS4 Pro PlayStation国行游戏机 1TB主机',1,'128G内存','/uploads/20191122/9ba3e8762f6064040376f890fc9e6987.jpg',2,1,0,'',1860.00,0.00,'索尼国行游戏机','','',1.00,'0','350100','',0,1574841662,1582771009),(48,3,0,'东东数码旗舰店',3,'234123512431243','索尼（SONY）PS4 Pro PlayStation国行游戏机 1TB主机',1,'128G内存','/uploads/20191122/9ba3e8762f6064040376f890fc9e6987.jpg',2,1,0,'',1860.00,0.00,'索尼国行游戏机','','',1.00,'0','130200','',0,1574841662,1582771009),(49,3,0,'东东数码旗舰店',3,'234123512431243','索尼（SONY）PS4 Pro PlayStation国行游戏机 1TB主机',1,'128G内存','/uploads/20191122/9ba3e8762f6064040376f890fc9e6987.jpg',2,1,0,'',1860.00,0.00,'索尼国行游戏机','','',1.00,'0','130200','',0,1574841662,1582771009),(50,3,0,'东东数码旗舰店',3,'234123512431243','索尼（SONY）PS4 Pro PlayStation国行游戏机 1TB主机',1,'128G内存','/uploads/20191122/9ba3e8762f6064040376f890fc9e6987.jpg',2,1,0,'',1860.00,0.00,'索尼国行游戏机','','',1.00,'0','130200','',0,1574841662,1582771009),(51,3,0,'东东数码旗舰店',3,'234123512431243','索尼（SONY）PS4 Pro PlayStation国行游戏机 1TB主机',1,'128G内存','/uploads/20191122/9ba3e8762f6064040376f890fc9e6987.jpg',2,1,0,'',1860.00,0.00,'索尼国行游戏机','','',1.00,'0','350400','',0,1574841662,1582771009),(52,3,0,'东东数码旗舰店',3,'234123512431243','索尼（SONY）PS4 Pro PlayStation国行游戏机 1TB主机',1,'128G内存','/uploads/20191122/9ba3e8762f6064040376f890fc9e6987.jpg',2,1,0,'',1860.00,0.00,'索尼国行游戏机','','',1.00,'0','350100','',0,1574841662,1582771009),(53,3,0,'东东数码旗舰店',3,'234123512431243','索尼（SONY）PS4 Pro PlayStation国行游戏机 1TB主机',1,'128G内存','/uploads/20191122/9ba3e8762f6064040376f890fc9e6987.jpg',2,1,0,'',1860.00,0.00,'索尼国行游戏机','','',1.00,'0','350200','',0,1574841662,1582771009),(54,3,38,'东东数码旗舰店',3,'234123512431243','索尼（SONY）PS4 Pro PlayStation国行游戏机 1TB主机',1,'128G内存','/uploads/20191122/9ba3e8762f6064040376f890fc9e6987.jpg',2,1,NULL,NULL,1860.00,1860.00,'索尼国行游戏机',NULL,NULL,1.00,'0','350400',NULL,1,1574841662,NULL),(55,3,0,'东东数码旗舰店',3,'234123512431243','索尼（SONY）PS4 Pro PlayStation国行游戏机 1TB主机',1,'128G内存','/uploads/20191122/9ba3e8762f6064040376f890fc9e6987.jpg',2,1,0,'',1860.00,0.00,'索尼国行游戏机','','',1.00,'0','350100','',0,1574841662,1582771009),(56,3,0,'东东数码旗舰店',3,'234123512431243','索尼（SONY）PS4 Pro PlayStation国行游戏机 1TB主机',1,'128G内存','/uploads/20191122/9ba3e8762f6064040376f890fc9e6987.jpg',2,1,0,'',1860.00,0.00,'索尼国行游戏机','','',1.00,'0','130200','',0,1574841662,1582771009),(57,3,0,'东东数码旗舰店',3,'234123512431243','索尼（SONY）PS4 Pro PlayStation国行游戏机 1TB主机',1,'128G内存','/uploads/20191122/9ba3e8762f6064040376f890fc9e6987.jpg',2,1,0,'',1860.00,0.00,'索尼国行游戏机','','',1.00,'0','130200','',0,1574841662,1582771009),(58,3,0,'东东数码旗舰店',3,'234123512431243','索尼（SONY）PS4 Pro PlayStation国行游戏机 1TB主机',1,'128G内存','/uploads/20191122/9ba3e8762f6064040376f890fc9e6987.jpg',2,1,0,'',1860.00,0.00,'索尼国行游戏机','','',1.00,'0','130200','',0,1574841662,1582771009),(59,3,0,'东东数码旗舰店',3,'234123512431243','索尼（SONY）PS4 Pro PlayStation国行游戏机 1TB主机',1,'128G内存','/uploads/20191122/9ba3e8762f6064040376f890fc9e6987.jpg',2,1,0,'',1860.00,0.00,'索尼国行游戏机','','',1.00,'0','130200','',0,1574841662,1582771009),(60,3,0,'东东数码旗舰店',3,'234123512431243','索尼（SONY）PS4 Pro PlayStation国行游戏机 1TB主机',1,'128G内存','/uploads/20191122/9ba3e8762f6064040376f890fc9e6987.jpg',2,1,0,'',1860.00,0.00,'索尼国行游戏机','','',1.00,'0','350600','',0,1574841662,1582771009),(61,4,0,'东东数码旗舰店',3,'234123512431243','索尼（SONY）PS4 Pro PlayStation国行游戏机 1TB主机',1,'256G内存','/uploads/20191122/9ba3e8762f6064040376f890fc9e6987.jpg',2,1,0,'',1860.00,0.00,'游戏机','','',1.00,'0','350200','',0,1574841662,1582771009),(62,4,0,'东东数码旗舰店',3,'234123512431243','索尼（SONY）PS4 Pro PlayStation国行游戏机 1TB主机',1,'256G内存','/uploads/20191122/9ba3e8762f6064040376f890fc9e6987.jpg',2,1,0,'',1860.00,0.00,'游戏机','','',1.00,'0','350600','',0,1574841662,1582771009),(63,4,NULL,'东东数码旗舰店',3,'234123512431243','索尼（SONY）PS4 Pro PlayStation国行游戏机 1TB主机',1,'256G内存','/uploads/20191122/9ba3e8762f6064040376f890fc9e6987.jpg',2,1,NULL,NULL,1860.00,1860.00,'游戏机',NULL,NULL,1.00,'0','130200',NULL,0,1574841662,NULL),(64,4,0,'东东数码旗舰店',3,'234123512431243','索尼（SONY）PS4 Pro PlayStation国行游戏机 1TB主机',1,'256G内存','/uploads/20191122/9ba3e8762f6064040376f890fc9e6987.jpg',2,1,0,'',1860.00,0.00,'游戏机','','',1.00,'0','350100','',0,1574841662,1582771009),(65,4,0,'东东数码旗舰店',3,'234123512431243','索尼（SONY）PS4 Pro PlayStation国行游戏机 1TB主机',1,'256G内存','/uploads/20191122/9ba3e8762f6064040376f890fc9e6987.jpg',2,1,0,'',1860.00,0.00,'游戏机','','',1.00,'0','350200','',0,1574841662,1582771009),(66,4,34,'东东数码旗舰店',3,'234123512431243','索尼（SONY）PS4 Pro PlayStation国行游戏机 1TB主机',1,'256G内存','/uploads/20191122/9ba3e8762f6064040376f890fc9e6987.jpg',2,1,NULL,NULL,1860.00,1860.00,'游戏机',NULL,NULL,1.00,'0','350100',NULL,1,1574841662,NULL),(67,4,0,'东东数码旗舰店',3,'234123512431243','索尼（SONY）PS4 Pro PlayStation国行游戏机 1TB主机',1,'256G内存','/uploads/20191122/9ba3e8762f6064040376f890fc9e6987.jpg',2,1,0,'',1860.00,0.00,'游戏机','','',1.00,'0','130200','',0,1574841662,1582771009),(68,4,0,'东东数码旗舰店',3,'234123512431243','索尼（SONY）PS4 Pro PlayStation国行游戏机 1TB主机',1,'256G内存','/uploads/20191122/9ba3e8762f6064040376f890fc9e6987.jpg',2,1,0,'',1860.00,0.00,'游戏机','','',1.00,'0','350400','',0,1574841662,1582771009),(69,4,0,'东东数码旗舰店',3,'234123512431243','索尼（SONY）PS4 Pro PlayStation国行游戏机 1TB主机',1,'256G内存','/uploads/20191122/9ba3e8762f6064040376f890fc9e6987.jpg',2,1,0,'',1860.00,0.00,'游戏机','','',1.00,'0','350400','',0,1574841662,1574844846),(70,4,0,'东东数码旗舰店',3,'234123512431243','索尼（SONY）PS4 Pro PlayStation国行游戏机 1TB主机',1,'256G内存','/uploads/20191122/9ba3e8762f6064040376f890fc9e6987.jpg',2,1,0,'',1860.00,0.00,'游戏机','','',1.00,'0','350200','',0,1574841662,1582771009),(71,4,0,'东东数码旗舰店',3,'234123512431243','索尼（SONY）PS4 Pro PlayStation国行游戏机 1TB主机',1,'256G内存','/uploads/20191122/9ba3e8762f6064040376f890fc9e6987.jpg',2,1,0,'',1860.00,0.00,'游戏机','','',1.00,'0','350100','',0,1574841662,1582771009),(72,4,0,'东东数码旗舰店',3,'234123512431243','索尼（SONY）PS4 Pro PlayStation国行游戏机 1TB主机',1,'256G内存','/uploads/20191122/9ba3e8762f6064040376f890fc9e6987.jpg',2,1,0,'',1860.00,0.00,'游戏机','','',1.00,'0','350100','',0,1574841662,1582771009),(73,4,0,'东东数码旗舰店',3,'234123512431243','索尼（SONY）PS4 Pro PlayStation国行游戏机 1TB主机',1,'256G内存','/uploads/20191122/9ba3e8762f6064040376f890fc9e6987.jpg',2,1,0,'',1860.00,0.00,'游戏机','','',1.00,'0','350600','',0,1574841662,1582771009),(74,4,0,'东东数码旗舰店',3,'234123512431243','索尼（SONY）PS4 Pro PlayStation国行游戏机 1TB主机',1,'256G内存','/uploads/20191122/9ba3e8762f6064040376f890fc9e6987.jpg',2,1,0,'',1860.00,0.00,'游戏机','','',1.00,'0','130200','',0,1574841662,1582771009),(75,4,0,'东东数码旗舰店',3,'234123512431243','索尼（SONY）PS4 Pro PlayStation国行游戏机 1TB主机',1,'256G内存','/uploads/20191122/9ba3e8762f6064040376f890fc9e6987.jpg',2,1,0,'',1860.00,0.00,'游戏机','','',1.00,'0','350200','',0,1574841662,1582771009),(76,4,0,'东东数码旗舰店',3,'234123512431243','索尼（SONY）PS4 Pro PlayStation国行游戏机 1TB主机',1,'256G内存','/uploads/20191122/9ba3e8762f6064040376f890fc9e6987.jpg',2,1,0,'',1860.00,0.00,'游戏机','','',1.00,'0','350600','',0,1574841662,1582771009),(77,4,0,'东东数码旗舰店',3,'234123512431243','索尼（SONY）PS4 Pro PlayStation国行游戏机 1TB主机',1,'256G内存','/uploads/20191122/9ba3e8762f6064040376f890fc9e6987.jpg',2,1,0,'',1860.00,0.00,'游戏机','','',1.00,'0','350400','',0,1574841662,1582771009),(78,4,NULL,'东东数码旗舰店',3,'234123512431243','索尼（SONY）PS4 Pro PlayStation国行游戏机 1TB主机',1,'256G内存','/uploads/20191122/9ba3e8762f6064040376f890fc9e6987.jpg',2,1,NULL,NULL,1860.00,1860.00,'游戏机',NULL,NULL,1.00,'0','350100',NULL,0,1574841662,NULL),(79,4,0,'东东数码旗舰店',3,'234123512431243','索尼（SONY）PS4 Pro PlayStation国行游戏机 1TB主机',1,'256G内存','/uploads/20191122/9ba3e8762f6064040376f890fc9e6987.jpg',2,1,0,'',1860.00,0.00,'游戏机','','',1.00,'0','350400','',0,1574841662,1582771009),(80,4,38,'东东数码旗舰店',3,'234123512431243','索尼（SONY）PS4 Pro PlayStation国行游戏机 1TB主机',1,'256G内存','/uploads/20191122/9ba3e8762f6064040376f890fc9e6987.jpg',2,1,NULL,NULL,1860.00,1860.00,'游戏机',NULL,NULL,1.00,'0','350400',NULL,1,1574841662,NULL),(81,5,0,'东东2号店铺',4,'2432142346655657','2019新款小高领双面金丝绒加厚保暖高领大码修身打底衫',5,'红色','/uploads/20191126/506ba56afb900957ffb04c269c2904d6.jpg',2,1,0,'',245.00,0.00,'打底衫','','',1.00,'0','130200','',0,1574841684,1582771009),(82,5,0,'东东2号店铺',4,'2432142346655657','2019新款小高领双面金丝绒加厚保暖高领大码修身打底衫',5,'红色','/uploads/20191126/506ba56afb900957ffb04c269c2904d6.jpg',2,1,0,'',245.00,0.00,'打底衫','','',1.00,'0','350100','',0,1574841684,1582771009),(83,5,0,'东东2号店铺',4,'2432142346655657','2019新款小高领双面金丝绒加厚保暖高领大码修身打底衫',5,'红色','/uploads/20191126/506ba56afb900957ffb04c269c2904d6.jpg',2,1,0,'',245.00,0.00,'打底衫','','',1.00,'0','350200','',0,1574841684,1582771009),(84,5,0,'东东2号店铺',4,'2432142346655657','2019新款小高领双面金丝绒加厚保暖高领大码修身打底衫',5,'红色','/uploads/20191126/506ba56afb900957ffb04c269c2904d6.jpg',2,1,0,'',245.00,0.00,'打底衫','','',1.00,'0','350400','',0,1574841684,1582771009),(85,5,0,'东东2号店铺',4,'2432142346655657','2019新款小高领双面金丝绒加厚保暖高领大码修身打底衫',5,'红色','/uploads/20191126/506ba56afb900957ffb04c269c2904d6.jpg',2,1,0,'',245.00,0.00,'打底衫','','',1.00,'0','350600','',0,1574841684,1582771009),(86,5,0,'东东2号店铺',4,'2432142346655657','2019新款小高领双面金丝绒加厚保暖高领大码修身打底衫',5,'红色','/uploads/20191126/506ba56afb900957ffb04c269c2904d6.jpg',2,1,0,'',245.00,0.00,'打底衫','','',1.00,'0','350100','',0,1574841684,1582771009),(87,5,0,'东东2号店铺',4,'2432142346655657','2019新款小高领双面金丝绒加厚保暖高领大码修身打底衫',5,'红色','/uploads/20191126/506ba56afb900957ffb04c269c2904d6.jpg',2,1,0,'',245.00,0.00,'打底衫','','',1.00,'0','350200','',0,1574841684,1582771009),(88,5,0,'东东2号店铺',4,'2432142346655657','2019新款小高领双面金丝绒加厚保暖高领大码修身打底衫',5,'红色','/uploads/20191126/506ba56afb900957ffb04c269c2904d6.jpg',2,1,0,'',245.00,0.00,'打底衫','','',1.00,'0','350400','',0,1574841684,1574844846),(89,5,0,'东东2号店铺',4,'2432142346655657','2019新款小高领双面金丝绒加厚保暖高领大码修身打底衫',5,'红色','/uploads/20191126/506ba56afb900957ffb04c269c2904d6.jpg',2,1,0,'',245.00,0.00,'打底衫','','',1.00,'0','130200','',0,1574841684,1582771009),(90,5,0,'东东2号店铺',4,'2432142346655657','2019新款小高领双面金丝绒加厚保暖高领大码修身打底衫',5,'红色','/uploads/20191126/506ba56afb900957ffb04c269c2904d6.jpg',2,1,0,'',245.00,0.00,'打底衫','','',1.00,'0','350400','',0,1574841684,1574844846),(91,5,0,'东东2号店铺',4,'2432142346655657','2019新款小高领双面金丝绒加厚保暖高领大码修身打底衫',5,'红色','/uploads/20191126/506ba56afb900957ffb04c269c2904d6.jpg',2,1,0,'',245.00,0.00,'打底衫','','',1.00,'0','350600','',0,1574841684,1574844219),(92,5,0,'东东2号店铺',4,'2432142346655657','2019新款小高领双面金丝绒加厚保暖高领大码修身打底衫',5,'红色','/uploads/20191126/506ba56afb900957ffb04c269c2904d6.jpg',2,1,0,'',245.00,0.00,'打底衫','','',1.00,'0','350600','',0,1574841684,1582771009),(93,5,0,'东东2号店铺',4,'2432142346655657','2019新款小高领双面金丝绒加厚保暖高领大码修身打底衫',5,'红色','/uploads/20191126/506ba56afb900957ffb04c269c2904d6.jpg',2,1,0,'',245.00,0.00,'打底衫','','',1.00,'0','350400','',0,1574841684,1582771009),(94,5,0,'东东2号店铺',4,'2432142346655657','2019新款小高领双面金丝绒加厚保暖高领大码修身打底衫',5,'红色','/uploads/20191126/506ba56afb900957ffb04c269c2904d6.jpg',2,1,0,'',245.00,0.00,'打底衫','','',1.00,'0','130200','',0,1574841684,1582771009),(95,5,0,'东东2号店铺',4,'2432142346655657','2019新款小高领双面金丝绒加厚保暖高领大码修身打底衫',5,'红色','/uploads/20191126/506ba56afb900957ffb04c269c2904d6.jpg',2,1,0,'',245.00,0.00,'打底衫','','',1.00,'0','130200','',0,1574841684,1582771009),(96,5,0,'东东2号店铺',4,'2432142346655657','2019新款小高领双面金丝绒加厚保暖高领大码修身打底衫',5,'红色','/uploads/20191126/506ba56afb900957ffb04c269c2904d6.jpg',2,1,0,'',245.00,0.00,'打底衫','','',1.00,'0','350600','',0,1574841684,1582771009),(97,5,0,'东东2号店铺',4,'2432142346655657','2019新款小高领双面金丝绒加厚保暖高领大码修身打底衫',5,'红色','/uploads/20191126/506ba56afb900957ffb04c269c2904d6.jpg',2,1,0,'',245.00,0.00,'打底衫','','',1.00,'0','350600','',0,1574841684,1574844219),(98,5,0,'东东2号店铺',4,'2432142346655657','2019新款小高领双面金丝绒加厚保暖高领大码修身打底衫',5,'红色','/uploads/20191126/506ba56afb900957ffb04c269c2904d6.jpg',2,1,0,'',245.00,0.00,'打底衫','','',1.00,'0','130200','',0,1574841684,1582771009),(99,5,0,'东东2号店铺',4,'2432142346655657','2019新款小高领双面金丝绒加厚保暖高领大码修身打底衫',5,'红色','/uploads/20191126/506ba56afb900957ffb04c269c2904d6.jpg',2,1,0,'',245.00,0.00,'打底衫','','',1.00,'0','350100','',0,1574841684,1582771009),(100,5,0,'东东2号店铺',4,'2432142346655657','2019新款小高领双面金丝绒加厚保暖高领大码修身打底衫',5,'红色','/uploads/20191126/506ba56afb900957ffb04c269c2904d6.jpg',2,1,0,'',245.00,0.00,'打底衫','','',1.00,'0','350600','',0,1574841684,1582771009),(101,6,38,'东东2号店铺',4,'2432142346655657','2019新款小高领双面金丝绒加厚保暖高领大码修身打底衫',3,'绿色','/uploads/20191126/506ba56afb900957ffb04c269c2904d6.jpg',2,1,NULL,NULL,147.00,147.00,'加绒打底衫',NULL,NULL,1.00,'0','350400',NULL,1,1574841684,NULL),(102,6,0,'东东2号店铺',4,'2432142346655657','2019新款小高领双面金丝绒加厚保暖高领大码修身打底衫',3,'绿色','/uploads/20191126/506ba56afb900957ffb04c269c2904d6.jpg',2,1,0,'',147.00,0.00,'加绒打底衫','','',1.00,'0','350200','',0,1574841684,1582771009),(103,6,0,'东东2号店铺',4,'2432142346655657','2019新款小高领双面金丝绒加厚保暖高领大码修身打底衫',3,'绿色','/uploads/20191126/506ba56afb900957ffb04c269c2904d6.jpg',2,1,0,'',147.00,0.00,'加绒打底衫','','',1.00,'0','350400','',0,1574841684,1582771009),(104,6,0,'东东2号店铺',4,'2432142346655657','2019新款小高领双面金丝绒加厚保暖高领大码修身打底衫',3,'绿色','/uploads/20191126/506ba56afb900957ffb04c269c2904d6.jpg',2,1,0,'',147.00,0.00,'加绒打底衫','','',1.00,'0','350400','',0,1574841684,1582771009),(105,6,0,'东东2号店铺',4,'2432142346655657','2019新款小高领双面金丝绒加厚保暖高领大码修身打底衫',3,'绿色','/uploads/20191126/506ba56afb900957ffb04c269c2904d6.jpg',2,1,0,'',147.00,0.00,'加绒打底衫','','',1.00,'0','130200','',0,1574841684,1582771009),(106,6,0,'东东2号店铺',4,'2432142346655657','2019新款小高领双面金丝绒加厚保暖高领大码修身打底衫',3,'绿色','/uploads/20191126/506ba56afb900957ffb04c269c2904d6.jpg',2,1,0,'',147.00,0.00,'加绒打底衫','','',1.00,'0','350400','',0,1574841684,1582771009),(107,6,0,'东东2号店铺',4,'2432142346655657','2019新款小高领双面金丝绒加厚保暖高领大码修身打底衫',3,'绿色','/uploads/20191126/506ba56afb900957ffb04c269c2904d6.jpg',2,1,0,'',147.00,0.00,'加绒打底衫','','',1.00,'0','350600','',0,1574841684,1582771009),(108,6,0,'东东2号店铺',4,'2432142346655657','2019新款小高领双面金丝绒加厚保暖高领大码修身打底衫',3,'绿色','/uploads/20191126/506ba56afb900957ffb04c269c2904d6.jpg',2,1,0,'',147.00,0.00,'加绒打底衫','','',1.00,'0','350100','',0,1574841684,1582771009),(109,6,0,'东东2号店铺',4,'2432142346655657','2019新款小高领双面金丝绒加厚保暖高领大码修身打底衫',3,'绿色','/uploads/20191126/506ba56afb900957ffb04c269c2904d6.jpg',2,1,0,'',147.00,0.00,'加绒打底衫','','',1.00,'0','350200','',0,1574841684,1582771009),(110,6,0,'东东2号店铺',4,'2432142346655657','2019新款小高领双面金丝绒加厚保暖高领大码修身打底衫',3,'绿色','/uploads/20191126/506ba56afb900957ffb04c269c2904d6.jpg',2,1,0,'',147.00,0.00,'加绒打底衫','','',1.00,'0','350600','',0,1574841684,1582771009),(111,6,0,'东东2号店铺',4,'2432142346655657','2019新款小高领双面金丝绒加厚保暖高领大码修身打底衫',3,'绿色','/uploads/20191126/506ba56afb900957ffb04c269c2904d6.jpg',2,1,0,'',147.00,0.00,'加绒打底衫','','',1.00,'0','350100','',0,1574841684,1582771009),(112,6,0,'东东2号店铺',4,'2432142346655657','2019新款小高领双面金丝绒加厚保暖高领大码修身打底衫',3,'绿色','/uploads/20191126/506ba56afb900957ffb04c269c2904d6.jpg',2,1,0,'',147.00,0.00,'加绒打底衫','','',1.00,'0','350400','',0,1574841684,1582771009),(113,6,0,'东东2号店铺',4,'2432142346655657','2019新款小高领双面金丝绒加厚保暖高领大码修身打底衫',3,'绿色','/uploads/20191126/506ba56afb900957ffb04c269c2904d6.jpg',2,1,0,'',147.00,0.00,'加绒打底衫','','',1.00,'0','350400','',0,1574841684,1574844846),(114,6,34,'东东2号店铺',4,'2432142346655657','2019新款小高领双面金丝绒加厚保暖高领大码修身打底衫',3,'绿色','/uploads/20191126/506ba56afb900957ffb04c269c2904d6.jpg',2,1,NULL,NULL,147.00,147.00,'加绒打底衫',NULL,NULL,1.00,'0','350100',NULL,1,1574841684,NULL),(115,6,0,'东东2号店铺',4,'2432142346655657','2019新款小高领双面金丝绒加厚保暖高领大码修身打底衫',3,'绿色','/uploads/20191126/506ba56afb900957ffb04c269c2904d6.jpg',2,1,0,'',147.00,0.00,'加绒打底衫','','',1.00,'0','350400','',0,1574841684,1582771009),(116,6,NULL,'东东2号店铺',4,'2432142346655657','2019新款小高领双面金丝绒加厚保暖高领大码修身打底衫',3,'绿色','/uploads/20191126/506ba56afb900957ffb04c269c2904d6.jpg',2,1,NULL,NULL,147.00,147.00,'加绒打底衫',NULL,NULL,1.00,'0','350600',NULL,0,1574841684,NULL),(117,6,0,'东东2号店铺',4,'2432142346655657','2019新款小高领双面金丝绒加厚保暖高领大码修身打底衫',3,'绿色','/uploads/20191126/506ba56afb900957ffb04c269c2904d6.jpg',2,1,0,'',147.00,0.00,'加绒打底衫','','',1.00,'0','350600','',0,1574841684,1582771009),(118,6,0,'东东2号店铺',4,'2432142346655657','2019新款小高领双面金丝绒加厚保暖高领大码修身打底衫',3,'绿色','/uploads/20191126/506ba56afb900957ffb04c269c2904d6.jpg',2,1,0,'',147.00,0.00,'加绒打底衫','','',1.00,'0','130200','',0,1574841684,1582771009),(119,6,0,'东东2号店铺',4,'2432142346655657','2019新款小高领双面金丝绒加厚保暖高领大码修身打底衫',3,'绿色','/uploads/20191126/506ba56afb900957ffb04c269c2904d6.jpg',2,1,0,'',147.00,0.00,'加绒打底衫','','',1.00,'0','130200','',0,1574841684,1582771009),(120,6,40,'东东2号店铺',4,'2432142346655657','2019新款小高领双面金丝绒加厚保暖高领大码修身打底衫',3,'绿色','/uploads/20191126/506ba56afb900957ffb04c269c2904d6.jpg',2,1,NULL,NULL,147.00,147.00,'加绒打底衫',NULL,NULL,1.00,'0','350400',NULL,1,1574841684,NULL),(121,7,0,'东东2号店铺',4,'2432142346655657','2019新款小高领双面金丝绒加厚保暖高领大码修身打底衫',2,'白色','/uploads/20191126/506ba56afb900957ffb04c269c2904d6.jpg',2,1,0,'',98.00,0.00,'高领打底衫','','',1.00,'0','130200','',0,1574841684,1582771009),(122,7,40,'东东2号店铺',4,'2432142346655657','2019新款小高领双面金丝绒加厚保暖高领大码修身打底衫',2,'白色','/uploads/20191126/506ba56afb900957ffb04c269c2904d6.jpg',2,1,NULL,NULL,98.00,98.00,'高领打底衫',NULL,NULL,1.00,'0','350400',NULL,1,1574841684,NULL),(123,7,3,'东东2号店铺',4,'2432142346655657','2019新款小高领双面金丝绒加厚保暖高领大码修身打底衫',2,'白色','/uploads/20191126/506ba56afb900957ffb04c269c2904d6.jpg',2,1,NULL,NULL,98.00,98.00,'高领打底衫','',NULL,2.00,'0','350200','',1,1574841684,NULL),(124,7,0,'东东2号店铺',4,'2432142346655657','2019新款小高领双面金丝绒加厚保暖高领大码修身打底衫',2,'白色','/uploads/20191126/506ba56afb900957ffb04c269c2904d6.jpg',2,1,0,'',98.00,0.00,'高领打底衫','','',1.00,'0','350200','',0,1574841684,1582771009),(125,7,0,'东东2号店铺',4,'2432142346655657','2019新款小高领双面金丝绒加厚保暖高领大码修身打底衫',2,'白色','/uploads/20191126/506ba56afb900957ffb04c269c2904d6.jpg',2,1,0,'',98.00,0.00,'高领打底衫','','',1.00,'0','350200','',0,1574841684,1582771009),(126,7,0,'东东2号店铺',4,'2432142346655657','2019新款小高领双面金丝绒加厚保暖高领大码修身打底衫',2,'白色','/uploads/20191126/506ba56afb900957ffb04c269c2904d6.jpg',2,1,0,'',98.00,0.00,'高领打底衫','','',1.00,'0','130200','',0,1574841684,1582771009),(127,7,0,'东东2号店铺',4,'2432142346655657','2019新款小高领双面金丝绒加厚保暖高领大码修身打底衫',2,'白色','/uploads/20191126/506ba56afb900957ffb04c269c2904d6.jpg',2,1,0,'',98.00,0.00,'高领打底衫','','',1.00,'0','350200','',0,1574841684,1582771009),(128,7,0,'东东2号店铺',4,'2432142346655657','2019新款小高领双面金丝绒加厚保暖高领大码修身打底衫',2,'白色','/uploads/20191126/506ba56afb900957ffb04c269c2904d6.jpg',2,1,0,'',98.00,0.00,'高领打底衫','','',1.00,'0','350400','',0,1574841684,1582771009),(129,7,0,'东东2号店铺',4,'2432142346655657','2019新款小高领双面金丝绒加厚保暖高领大码修身打底衫',2,'白色','/uploads/20191126/506ba56afb900957ffb04c269c2904d6.jpg',2,1,0,'',98.00,0.00,'高领打底衫','','',1.00,'0','350100','',0,1574841684,1582771009),(130,7,0,'东东2号店铺',4,'2432142346655657','2019新款小高领双面金丝绒加厚保暖高领大码修身打底衫',2,'白色','/uploads/20191126/506ba56afb900957ffb04c269c2904d6.jpg',2,1,0,'',98.00,0.00,'高领打底衫','','',1.00,'0','350200','',0,1574841684,1582771009),(131,7,NULL,'东东2号店铺',4,'2432142346655657','2019新款小高领双面金丝绒加厚保暖高领大码修身打底衫',2,'白色','/uploads/20191126/506ba56afb900957ffb04c269c2904d6.jpg',2,1,NULL,NULL,98.00,98.00,'高领打底衫',NULL,NULL,1.00,'0','350600',NULL,0,1574841684,NULL),(132,7,40,'东东2号店铺',4,'2432142346655657','2019新款小高领双面金丝绒加厚保暖高领大码修身打底衫',2,'白色','/uploads/20191126/506ba56afb900957ffb04c269c2904d6.jpg',2,1,NULL,NULL,98.00,98.00,'高领打底衫',NULL,NULL,1.00,'0','350400',NULL,1,1574841684,NULL),(133,7,34,'东东2号店铺',4,'2432142346655657','2019新款小高领双面金丝绒加厚保暖高领大码修身打底衫',2,'白色','/uploads/20191126/506ba56afb900957ffb04c269c2904d6.jpg',2,1,NULL,NULL,98.00,98.00,'高领打底衫',NULL,NULL,1.00,'0','350100',NULL,1,1574841684,NULL),(134,7,NULL,'东东2号店铺',4,'2432142346655657','2019新款小高领双面金丝绒加厚保暖高领大码修身打底衫',2,'白色','/uploads/20191126/506ba56afb900957ffb04c269c2904d6.jpg',2,1,NULL,NULL,98.00,98.00,'高领打底衫',NULL,NULL,1.00,'0','350100',NULL,0,1574841684,NULL),(135,7,0,'东东2号店铺',4,'2432142346655657','2019新款小高领双面金丝绒加厚保暖高领大码修身打底衫',2,'白色','/uploads/20191126/506ba56afb900957ffb04c269c2904d6.jpg',2,1,0,'',98.00,0.00,'高领打底衫','','',1.00,'0','350400','',0,1574841684,1582771009),(136,7,NULL,'东东2号店铺',4,'2432142346655657','2019新款小高领双面金丝绒加厚保暖高领大码修身打底衫',2,'白色','/uploads/20191126/506ba56afb900957ffb04c269c2904d6.jpg',2,1,NULL,NULL,98.00,98.00,'高领打底衫',NULL,NULL,1.00,'0','130200',NULL,0,1574841684,NULL),(137,7,0,'东东2号店铺',4,'2432142346655657','2019新款小高领双面金丝绒加厚保暖高领大码修身打底衫',2,'白色','/uploads/20191126/506ba56afb900957ffb04c269c2904d6.jpg',2,1,0,'',98.00,0.00,'高领打底衫','','',1.00,'0','350600','',0,1574841684,1582771009),(138,7,0,'东东2号店铺',4,'2432142346655657','2019新款小高领双面金丝绒加厚保暖高领大码修身打底衫',2,'白色','/uploads/20191126/506ba56afb900957ffb04c269c2904d6.jpg',2,1,0,'',98.00,0.00,'高领打底衫','','',1.00,'0','350400','',0,1574841684,1582771009),(139,7,0,'东东2号店铺',4,'2432142346655657','2019新款小高领双面金丝绒加厚保暖高领大码修身打底衫',2,'白色','/uploads/20191126/506ba56afb900957ffb04c269c2904d6.jpg',2,1,0,'',98.00,0.00,'高领打底衫','','',1.00,'0','350400','',0,1574841684,1582771009),(140,7,0,'东东2号店铺',4,'2432142346655657','2019新款小高领双面金丝绒加厚保暖高领大码修身打底衫',2,'白色','/uploads/20191126/506ba56afb900957ffb04c269c2904d6.jpg',2,1,0,'',98.00,0.00,'高领打底衫','','',1.00,'0','350100','',0,1574841684,1582771009),(141,8,0,'东东2号店铺',4,'2432142346655657','2019新款小高领双面金丝绒加厚保暖高领大码修身打底衫',1,'灰色','/uploads/20191126/506ba56afb900957ffb04c269c2904d6.jpg',2,1,0,'',49.00,0.00,'修身打底衫','','',1.00,'0','130200','',0,1574841684,1582771009),(142,8,0,'东东2号店铺',4,'2432142346655657','2019新款小高领双面金丝绒加厚保暖高领大码修身打底衫',1,'灰色','/uploads/20191126/506ba56afb900957ffb04c269c2904d6.jpg',2,1,0,'',49.00,0.00,'修身打底衫','','',1.00,'0','350400','',0,1574841684,1582771009),(143,8,38,'东东2号店铺',4,'2432142346655657','2019新款小高领双面金丝绒加厚保暖高领大码修身打底衫',1,'灰色','/uploads/20191126/506ba56afb900957ffb04c269c2904d6.jpg',2,1,NULL,NULL,49.00,49.00,'修身打底衫',NULL,NULL,1.00,'0','350400',NULL,1,1574841684,NULL),(144,8,0,'东东2号店铺',4,'2432142346655657','2019新款小高领双面金丝绒加厚保暖高领大码修身打底衫',1,'灰色','/uploads/20191126/506ba56afb900957ffb04c269c2904d6.jpg',2,1,0,'',49.00,0.00,'修身打底衫','','',1.00,'0','350600','',0,1574841684,1582771009),(145,8,0,'东东2号店铺',4,'2432142346655657','2019新款小高领双面金丝绒加厚保暖高领大码修身打底衫',1,'灰色','/uploads/20191126/506ba56afb900957ffb04c269c2904d6.jpg',2,1,0,'',49.00,0.00,'修身打底衫','','',1.00,'0','350600','',0,1574841684,1582771009),(146,8,0,'东东2号店铺',4,'2432142346655657','2019新款小高领双面金丝绒加厚保暖高领大码修身打底衫',1,'灰色','/uploads/20191126/506ba56afb900957ffb04c269c2904d6.jpg',2,1,0,'',49.00,0.00,'修身打底衫','','',1.00,'0','350400','',0,1574841684,1582771009),(147,8,0,'东东2号店铺',4,'2432142346655657','2019新款小高领双面金丝绒加厚保暖高领大码修身打底衫',1,'灰色','/uploads/20191126/506ba56afb900957ffb04c269c2904d6.jpg',2,1,0,'',49.00,0.00,'修身打底衫','','',1.00,'0','350400','',0,1574841684,1582771009),(148,8,NULL,'东东2号店铺',4,'2432142346655657','2019新款小高领双面金丝绒加厚保暖高领大码修身打底衫',1,'灰色','/uploads/20191126/506ba56afb900957ffb04c269c2904d6.jpg',2,1,NULL,NULL,49.00,49.00,'修身打底衫',NULL,NULL,1.00,'0','130200',NULL,0,1574841684,NULL),(149,8,34,'东东2号店铺',4,'2432142346655657','2019新款小高领双面金丝绒加厚保暖高领大码修身打底衫',1,'灰色','/uploads/20191126/506ba56afb900957ffb04c269c2904d6.jpg',2,1,NULL,NULL,49.00,49.00,'修身打底衫',NULL,NULL,1.00,'0','350100',NULL,1,1574841684,NULL),(150,8,0,'东东2号店铺',4,'2432142346655657','2019新款小高领双面金丝绒加厚保暖高领大码修身打底衫',1,'灰色','/uploads/20191126/506ba56afb900957ffb04c269c2904d6.jpg',2,1,0,'',49.00,0.00,'修身打底衫','','',1.00,'0','350600','',0,1574841684,1582771009),(151,8,0,'东东2号店铺',4,'2432142346655657','2019新款小高领双面金丝绒加厚保暖高领大码修身打底衫',1,'灰色','/uploads/20191126/506ba56afb900957ffb04c269c2904d6.jpg',2,1,0,'',49.00,0.00,'修身打底衫','','',1.00,'0','350100','',0,1574841684,1582771009),(152,8,40,'东东2号店铺',4,'2432142346655657','2019新款小高领双面金丝绒加厚保暖高领大码修身打底衫',1,'灰色','/uploads/20191126/506ba56afb900957ffb04c269c2904d6.jpg',2,1,NULL,NULL,49.00,49.00,'修身打底衫',NULL,NULL,1.00,'0','350400',NULL,1,1574841684,NULL),(153,8,0,'东东2号店铺',4,'2432142346655657','2019新款小高领双面金丝绒加厚保暖高领大码修身打底衫',1,'灰色','/uploads/20191126/506ba56afb900957ffb04c269c2904d6.jpg',2,1,0,'',49.00,0.00,'修身打底衫','','',1.00,'0','350400','',0,1574841684,1582771009),(154,8,0,'东东2号店铺',4,'2432142346655657','2019新款小高领双面金丝绒加厚保暖高领大码修身打底衫',1,'灰色','/uploads/20191126/506ba56afb900957ffb04c269c2904d6.jpg',2,1,0,'',49.00,0.00,'修身打底衫','','',1.00,'0','350400','',0,1574841684,1582771009),(155,8,0,'东东2号店铺',4,'2432142346655657','2019新款小高领双面金丝绒加厚保暖高领大码修身打底衫',1,'灰色','/uploads/20191126/506ba56afb900957ffb04c269c2904d6.jpg',2,1,0,'',49.00,0.00,'修身打底衫','','',1.00,'0','350200','',0,1574841684,1582771009),(156,8,0,'东东2号店铺',4,'2432142346655657','2019新款小高领双面金丝绒加厚保暖高领大码修身打底衫',1,'灰色','/uploads/20191126/506ba56afb900957ffb04c269c2904d6.jpg',2,1,0,'',49.00,0.00,'修身打底衫','','',1.00,'0','350600','',0,1574841684,1574844219),(157,8,0,'东东2号店铺',4,'2432142346655657','2019新款小高领双面金丝绒加厚保暖高领大码修身打底衫',1,'灰色','/uploads/20191126/506ba56afb900957ffb04c269c2904d6.jpg',2,1,0,'',49.00,0.00,'修身打底衫','','',1.00,'0','350600','',0,1574841684,1582771009),(158,8,0,'东东2号店铺',4,'2432142346655657','2019新款小高领双面金丝绒加厚保暖高领大码修身打底衫',1,'灰色','/uploads/20191126/506ba56afb900957ffb04c269c2904d6.jpg',2,1,0,'',49.00,0.00,'修身打底衫','','',1.00,'0','350600','',0,1574841684,1582771009),(159,8,0,'东东2号店铺',4,'2432142346655657','2019新款小高领双面金丝绒加厚保暖高领大码修身打底衫',1,'灰色','/uploads/20191126/506ba56afb900957ffb04c269c2904d6.jpg',2,1,0,'',49.00,0.00,'修身打底衫','','',1.00,'0','130200','',0,1574841684,1582771009),(160,8,0,'东东2号店铺',4,'2432142346655657','2019新款小高领双面金丝绒加厚保暖高领大码修身打底衫',1,'灰色','/uploads/20191126/506ba56afb900957ffb04c269c2904d6.jpg',2,1,0,'',49.00,0.00,'修身打底衫','','',1.00,'0','350100','',0,1574841684,1582771009),(161,9,0,'东东3号店铺',5,'342425457574563','2019天梭机械手表',1,'钢带','/uploads/20191127/8ef58879cd94ec31ed6520d451799cd3.jpg',2,1,0,'',1168.00,0.00,'天梭手表','','',1.00,'0','350200','',0,1574841702,1582771009),(162,9,0,'东东3号店铺',5,'342425457574563','2019天梭机械手表',1,'钢带','/uploads/20191127/8ef58879cd94ec31ed6520d451799cd3.jpg',2,1,0,'',1168.00,0.00,'天梭手表','','',1.00,'0','350200','',0,1574841702,1582771009),(163,9,0,'东东3号店铺',5,'342425457574563','2019天梭机械手表',1,'钢带','/uploads/20191127/8ef58879cd94ec31ed6520d451799cd3.jpg',2,1,0,'',1168.00,0.00,'天梭手表','','',1.00,'0','350200','',0,1574841702,1582771009),(164,9,0,'东东3号店铺',5,'342425457574563','2019天梭机械手表',1,'钢带','/uploads/20191127/8ef58879cd94ec31ed6520d451799cd3.jpg',2,1,0,'',1168.00,0.00,'天梭手表','','',1.00,'0','350200','',0,1574841702,1582771009),(165,9,3,'东东3号店铺',5,'342425457574563','2019天梭机械手表',1,'钢带','/uploads/20191127/8ef58879cd94ec31ed6520d451799cd3.jpg',2,1,NULL,NULL,1168.00,1168.00,'天梭手表','',NULL,1.00,'0','350200','',1,1574841702,NULL),(166,9,0,'东东3号店铺',5,'342425457574563','2019天梭机械手表',1,'钢带','/uploads/20191127/8ef58879cd94ec31ed6520d451799cd3.jpg',2,1,0,'',1168.00,0.00,'天梭手表','','',1.00,'0','350200','',0,1574841702,1582771009),(167,9,0,'东东3号店铺',5,'342425457574563','2019天梭机械手表',1,'钢带','/uploads/20191127/8ef58879cd94ec31ed6520d451799cd3.jpg',2,1,0,'',1168.00,0.00,'天梭手表','','',1.00,'0','350200','',0,1574841702,1582771009),(168,9,0,'东东3号店铺',5,'342425457574563','2019天梭机械手表',1,'钢带','/uploads/20191127/8ef58879cd94ec31ed6520d451799cd3.jpg',2,1,0,'',1168.00,0.00,'天梭手表','','',1.00,'0','350200','',0,1574841702,1582771009),(169,9,0,'东东3号店铺',5,'342425457574563','2019天梭机械手表',1,'钢带','/uploads/20191127/8ef58879cd94ec31ed6520d451799cd3.jpg',2,1,0,'',1168.00,0.00,'天梭手表','','',1.00,'0','350200','',0,1574841702,1582771009),(170,9,0,'东东3号店铺',5,'342425457574563','2019天梭机械手表',1,'钢带','/uploads/20191127/8ef58879cd94ec31ed6520d451799cd3.jpg',2,1,0,'',1168.00,0.00,'天梭手表','','',1.00,'0','350200','',0,1574841702,1582771009),(171,9,0,'东东3号店铺',5,'342425457574563','2019天梭机械手表',1,'钢带','/uploads/20191127/8ef58879cd94ec31ed6520d451799cd3.jpg',2,1,0,'',1168.00,0.00,'天梭手表','','',1.00,'0','350200','',0,1574841702,1582771009),(172,9,0,'东东3号店铺',5,'342425457574563','2019天梭机械手表',1,'钢带','/uploads/20191127/8ef58879cd94ec31ed6520d451799cd3.jpg',2,1,0,'',1168.00,0.00,'天梭手表','','',1.00,'0','350200','',0,1574841702,1582771009),(173,9,0,'东东3号店铺',5,'342425457574563','2019天梭机械手表',1,'钢带','/uploads/20191127/8ef58879cd94ec31ed6520d451799cd3.jpg',2,1,0,'',1168.00,0.00,'天梭手表','','',1.00,'0','350200','',0,1574841702,1582771009),(174,9,3,'东东3号店铺',5,'342425457574563','2019天梭机械手表',1,'钢带','/uploads/20191127/8ef58879cd94ec31ed6520d451799cd3.jpg',2,1,NULL,NULL,1168.00,1168.00,'天梭手表','',NULL,1.00,'0','350200','',1,1574841702,NULL),(175,9,39,'东东3号店铺',5,'342425457574563','2019天梭机械手表',1,'钢带','/uploads/20191127/8ef58879cd94ec31ed6520d451799cd3.jpg',2,1,NULL,NULL,1168.00,1168.00,'天梭手表','',NULL,1.00,'0','350200','',1,1574841702,NULL),(176,9,0,'东东3号店铺',5,'342425457574563','2019天梭机械手表',1,'钢带','/uploads/20191127/8ef58879cd94ec31ed6520d451799cd3.jpg',2,1,0,'',1168.00,0.00,'天梭手表','','',1.00,'0','350200','',0,1574841702,1582771009),(177,9,0,'东东3号店铺',5,'342425457574563','2019天梭机械手表',1,'钢带','/uploads/20191127/8ef58879cd94ec31ed6520d451799cd3.jpg',2,1,0,'',1168.00,0.00,'天梭手表','','',1.00,'0','350200','',0,1574841702,1582771009),(178,9,39,'东东3号店铺',5,'342425457574563','2019天梭机械手表',1,'钢带','/uploads/20191127/8ef58879cd94ec31ed6520d451799cd3.jpg',2,1,NULL,NULL,1168.00,1168.00,'天梭手表','',NULL,11.00,'0','350200','',1,1574841702,NULL),(179,10,37,'东东3号店铺',5,'342425457574563','2019天梭机械手表',1,'皮带','/uploads/20191127/8ef58879cd94ec31ed6520d451799cd3.jpg',2,1,NULL,NULL,1168.00,1168.00,'机械手表',NULL,NULL,1.00,'0','350200',NULL,1,1574841702,NULL),(180,10,0,'东东3号店铺',5,'342425457574563','2019天梭机械手表',1,'皮带','/uploads/20191127/8ef58879cd94ec31ed6520d451799cd3.jpg',2,1,0,'',1168.00,0.00,'机械手表','','',1.00,'0','350200','',0,1574841702,1582771009),(181,10,0,'东东3号店铺',5,'342425457574563','2019天梭机械手表',1,'皮带','/uploads/20191127/8ef58879cd94ec31ed6520d451799cd3.jpg',2,1,0,'',1168.00,0.00,'机械手表','','',1.00,'0','350200','',0,1574841702,1582771009),(182,10,3,'东东3号店铺',5,'342425457574563','2019天梭机械手表',1,'皮带','/uploads/20191127/8ef58879cd94ec31ed6520d451799cd3.jpg',2,1,NULL,NULL,1168.00,1168.00,'机械手表','',NULL,1.00,'0','350200','',1,1574841702,NULL),(183,10,0,'东东3号店铺',5,'342425457574563','2019天梭机械手表',1,'皮带','/uploads/20191127/8ef58879cd94ec31ed6520d451799cd3.jpg',2,1,0,'',1168.00,0.00,'机械手表','','',1.00,'0','350200','',0,1574841702,1582771009),(184,10,0,'东东3号店铺',5,'342425457574563','2019天梭机械手表',1,'皮带','/uploads/20191127/8ef58879cd94ec31ed6520d451799cd3.jpg',2,1,0,'',1168.00,0.00,'机械手表','','',1.00,'0','350200','',0,1574841702,1582771009),(185,10,0,'东东3号店铺',5,'342425457574563','2019天梭机械手表',1,'皮带','/uploads/20191127/8ef58879cd94ec31ed6520d451799cd3.jpg',2,1,0,'',1168.00,0.00,'机械手表','','',1.00,'0','350200','',0,1574841702,1582771009),(186,10,0,'东东3号店铺',5,'342425457574563','2019天梭机械手表',1,'皮带','/uploads/20191127/8ef58879cd94ec31ed6520d451799cd3.jpg',2,1,0,'',1168.00,0.00,'机械手表','','',1.00,'0','350200','',0,1574841702,1582771009),(187,10,37,'东东3号店铺',5,'342425457574563','2019天梭机械手表',1,'皮带','/uploads/20191127/8ef58879cd94ec31ed6520d451799cd3.jpg',2,1,NULL,NULL,1168.00,1168.00,'机械手表',NULL,NULL,1.00,'0','350200',NULL,1,1574841702,NULL),(188,10,37,'东东3号店铺',5,'342425457574563','2019天梭机械手表',1,'皮带','/uploads/20191127/8ef58879cd94ec31ed6520d451799cd3.jpg',2,1,NULL,NULL,1168.00,1168.00,'机械手表',NULL,NULL,1.00,'0','350200',NULL,1,1574841702,NULL),(189,10,0,'东东3号店铺',5,'342425457574563','2019天梭机械手表',1,'皮带','/uploads/20191127/8ef58879cd94ec31ed6520d451799cd3.jpg',2,1,0,'',1168.00,0.00,'机械手表','','',1.00,'0','350200','',0,1574841702,1582771009),(190,10,0,'东东3号店铺',5,'342425457574563','2019天梭机械手表',1,'皮带','/uploads/20191127/8ef58879cd94ec31ed6520d451799cd3.jpg',2,1,0,'',1168.00,0.00,'机械手表','','',1.00,'0','350200','',0,1574841702,1582771009),(191,10,37,'东东3号店铺',5,'342425457574563','2019天梭机械手表',1,'皮带','/uploads/20191127/8ef58879cd94ec31ed6520d451799cd3.jpg',2,1,NULL,NULL,1168.00,1168.00,'机械手表',NULL,NULL,1.00,'0','350200',NULL,1,1574841702,NULL),(192,10,0,'东东3号店铺',5,'342425457574563','2019天梭机械手表',1,'皮带','/uploads/20191127/8ef58879cd94ec31ed6520d451799cd3.jpg',2,1,0,'',1168.00,0.00,'机械手表','','',1.00,'0','350200','',0,1574841702,1582771009),(193,10,0,'东东3号店铺',5,'342425457574563','2019天梭机械手表',1,'皮带','/uploads/20191127/8ef58879cd94ec31ed6520d451799cd3.jpg',2,1,0,'',1168.00,0.00,'机械手表','','',1.00,'0','350200','',0,1574841702,1582771009),(194,10,39,'东东3号店铺',5,'342425457574563','2019天梭机械手表',1,'皮带','/uploads/20191127/8ef58879cd94ec31ed6520d451799cd3.jpg',2,1,NULL,NULL,1168.00,1168.00,'机械手表','',NULL,21.00,'0','350200','',1,1574841702,NULL),(195,10,39,'东东3号店铺',5,'342425457574563','2019天梭机械手表',1,'皮带','/uploads/20191127/8ef58879cd94ec31ed6520d451799cd3.jpg',2,1,NULL,NULL,1168.00,1168.00,'机械手表','',NULL,13.00,'0','350200','',1,1574841702,NULL),(196,11,0,'东东3号店铺',5,'342425457574563','2019天梭机械手表',1,'织带','/uploads/20191127/8ef58879cd94ec31ed6520d451799cd3.jpg',2,1,0,'',1168.00,0.00,'天梭机械手表','','',1.00,'0','350200','',0,1574841702,1582771009),(197,11,NULL,'东东3号店铺',5,'342425457574563','2019天梭机械手表',1,'织带','/uploads/20191127/8ef58879cd94ec31ed6520d451799cd3.jpg',2,1,NULL,NULL,1168.00,1168.00,'天梭机械手表',NULL,NULL,1.00,'0','350200',NULL,0,1574841702,NULL),(198,11,0,'东东3号店铺',5,'342425457574563','2019天梭机械手表',1,'织带','/uploads/20191127/8ef58879cd94ec31ed6520d451799cd3.jpg',2,1,0,'',1168.00,0.00,'天梭机械手表','','',1.00,'0','350200','',0,1574841702,1582771009),(199,11,0,'东东3号店铺',5,'342425457574563','2019天梭机械手表',1,'织带','/uploads/20191127/8ef58879cd94ec31ed6520d451799cd3.jpg',2,1,0,'',1168.00,0.00,'天梭机械手表','','',1.00,'0','350200','',0,1574841702,1582771009),(200,11,0,'东东3号店铺',5,'342425457574563','2019天梭机械手表',1,'织带','/uploads/20191127/8ef58879cd94ec31ed6520d451799cd3.jpg',2,1,0,'',1168.00,0.00,'天梭机械手表','','',1.00,'0','350200','',0,1574841702,1582771009),(201,11,NULL,'东东3号店铺',5,'342425457574563','2019天梭机械手表',1,'织带','/uploads/20191127/8ef58879cd94ec31ed6520d451799cd3.jpg',2,1,NULL,NULL,1168.00,1168.00,'天梭机械手表',NULL,NULL,1.00,'0','350200',NULL,0,1574841702,NULL),(202,11,39,'东东3号店铺',5,'342425457574563','2019天梭机械手表',1,'织带','/uploads/20191127/8ef58879cd94ec31ed6520d451799cd3.jpg',2,1,NULL,NULL,1168.00,1168.00,'天梭机械手表','',NULL,1.00,'0','350200','',1,1574841702,NULL),(203,11,0,'东东3号店铺',5,'342425457574563','2019天梭机械手表',1,'织带','/uploads/20191127/8ef58879cd94ec31ed6520d451799cd3.jpg',2,1,0,'',1168.00,0.00,'天梭机械手表','','',1.00,'0','350200','',0,1574841702,1582771009),(204,11,0,'东东3号店铺',5,'342425457574563','2019天梭机械手表',1,'织带','/uploads/20191127/8ef58879cd94ec31ed6520d451799cd3.jpg',2,1,0,'',1168.00,0.00,'天梭机械手表','','',1.00,'0','350200','',0,1574841702,1582771009),(205,11,NULL,'东东3号店铺',5,'342425457574563','2019天梭机械手表',1,'织带','/uploads/20191127/8ef58879cd94ec31ed6520d451799cd3.jpg',2,1,NULL,NULL,1168.00,1168.00,'天梭机械手表',NULL,NULL,1.00,'0','350200',NULL,0,1574841702,NULL),(206,11,0,'东东3号店铺',5,'342425457574563','2019天梭机械手表',1,'织带','/uploads/20191127/8ef58879cd94ec31ed6520d451799cd3.jpg',2,1,0,'',1168.00,0.00,'天梭机械手表','','',1.00,'0','350200','',0,1574841702,1582771009),(207,11,0,'东东3号店铺',5,'342425457574563','2019天梭机械手表',1,'织带','/uploads/20191127/8ef58879cd94ec31ed6520d451799cd3.jpg',2,1,0,'',1168.00,0.00,'天梭机械手表','','',1.00,'0','350200','',0,1574841702,1582771009),(208,11,37,'东东3号店铺',5,'342425457574563','2019天梭机械手表',1,'织带','/uploads/20191127/8ef58879cd94ec31ed6520d451799cd3.jpg',2,1,NULL,NULL,1168.00,1168.00,'天梭机械手表',NULL,NULL,1.00,'0','350200',NULL,1,1574841702,NULL),(209,11,0,'东东3号店铺',5,'342425457574563','2019天梭机械手表',1,'织带','/uploads/20191127/8ef58879cd94ec31ed6520d451799cd3.jpg',2,1,0,'',1168.00,0.00,'天梭机械手表','','',1.00,'0','350200','',0,1574841702,1582771009),(210,11,0,'东东3号店铺',5,'342425457574563','2019天梭机械手表',1,'织带','/uploads/20191127/8ef58879cd94ec31ed6520d451799cd3.jpg',2,1,0,'',1168.00,0.00,'天梭机械手表','','',1.00,'0','350200','',0,1574841702,1582771009),(211,11,0,'东东3号店铺',5,'342425457574563','2019天梭机械手表',1,'织带','/uploads/20191127/8ef58879cd94ec31ed6520d451799cd3.jpg',2,1,0,'',1168.00,0.00,'天梭机械手表','','',1.00,'0','350200','',0,1574841702,1582771009),(212,33,NULL,'思1号店铺',7,'2341251243125','苹果手机 APPLE 11 PRO MAX ',1,'16G内存','/uploads/20191202/06346c7cf97adaf82eb7def8f3daf0d7.jpeg',3,3,NULL,NULL,8868.00,8868.00,'苹果手机',NULL,NULL,1.00,'0','130200',NULL,0,1575256113,NULL),(213,34,NULL,'思1号店铺',7,'2341251243125','苹果手机 APPLE 11 PRO MAX ',1,'32G内存','/uploads/20191202/06346c7cf97adaf82eb7def8f3daf0d7.jpeg',3,3,NULL,NULL,8868.00,8868.00,'智能手机',NULL,NULL,1.00,'0','350100',NULL,0,1575256113,NULL),(214,35,NULL,'思1号店铺',7,'2341251243125','苹果手机 APPLE 11 PRO MAX ',1,'64G内存','/uploads/20191202/06346c7cf97adaf82eb7def8f3daf0d7.jpeg',3,3,NULL,NULL,8868.00,8868.00,'APPLE PHONE',NULL,NULL,1.00,'0','350200',NULL,0,1575256113,NULL),(215,36,NULL,'思1号店铺',7,'2341251243125','苹果手机 APPLE 11 PRO MAX ',1,'128G内存','/uploads/20191202/06346c7cf97adaf82eb7def8f3daf0d7.jpeg',3,3,NULL,NULL,8868.00,8868.00,'APPLE 11 PRO',NULL,NULL,1.00,'0','350400',NULL,0,1575256113,NULL),(216,37,NULL,'思1号店铺',7,'2341251243125','苹果手机 APPLE 11 PRO MAX ',1,'256G内存','/uploads/20191202/06346c7cf97adaf82eb7def8f3daf0d7.jpeg',3,3,NULL,NULL,8868.00,8868.00,'APPLE 11 PRO MAX',NULL,NULL,1.00,'0','350600',NULL,0,1575256113,NULL),(217,38,NULL,'东东4号店铺',6,'2645707685674','东东4号店铺的商品标题',3,'1','/uploads/20191122/feddda115857be749edb7ceb2024572a.jpg',2,1,NULL,NULL,261.00,261.00,'要在一上的',NULL,NULL,1.00,'0','',NULL,0,1576650378,NULL),(218,39,NULL,'东东4号店铺',6,'2645707685674','东东4号店铺的商品标题',2,'1','/uploads/20191122/feddda115857be749edb7ceb2024572a.jpg',2,1,NULL,NULL,174.00,174.00,'不主一是',NULL,NULL,1.20,'0','130200',NULL,0,1576650378,NULL),(219,40,NULL,'东东4号店铺',6,'2645707685674','东东4号店铺的商品标题',1,'1','/uploads/20191122/feddda115857be749edb7ceb2024572a.jpg',2,1,NULL,NULL,87.00,87.00,'1',NULL,NULL,1.20,'0','350100',NULL,0,1576650378,NULL),(220,41,NULL,'东东数码旗舰店',3,'234123512431243','索尼（SONY）PS4 Pro PlayStation国行游戏机 1TB主机',1,'1','/uploads/20191122/9ba3e8762f6064040376f890fc9e6987.jpg',2,1,NULL,NULL,1860.00,1860.00,'索尼游戏机',NULL,NULL,1.00,'0','',NULL,0,1576650448,NULL),(221,42,NULL,'东东数码旗舰店',3,'234123512431243','索尼（SONY）PS4 Pro PlayStation国行游戏机 1TB主机',1,'1','/uploads/20191122/9ba3e8762f6064040376f890fc9e6987.jpg',2,1,NULL,NULL,1860.00,1860.00,'索尼PS4',NULL,NULL,1.00,'0','130200',NULL,0,1576650448,NULL),(222,43,NULL,'东东数码旗舰店',3,'234123512431243','索尼（SONY）PS4 Pro PlayStation国行游戏机 1TB主机',1,'1','/uploads/20191122/9ba3e8762f6064040376f890fc9e6987.jpg',2,1,NULL,NULL,1860.00,1860.00,'索尼国行游戏机',NULL,NULL,1.00,'0','350100',NULL,0,1576650448,NULL),(223,44,NULL,'小新新的网店1号',1,'2412312423411','测试一个宝贝标题',1,'红色','/uploads/20191121/11aad5e29ba78dab769a61fc30c513a0.jpg',1,1,NULL,NULL,26.00,26.00,'苹果数据线11',NULL,NULL,1.20,'0','',NULL,0,1576725871,NULL),(224,45,NULL,'小新新的网店1号',1,'2412312423411','测试一个宝贝标题',1,'绿色','/uploads/20191121/11aad5e29ba78dab769a61fc30c513a0.jpg',1,1,NULL,NULL,26.00,26.00,'数据线22',NULL,NULL,1.20,'0','130200',NULL,0,1576725871,NULL),(227,57,NULL,'迪士尼宝宝正品',8,'44514218657','迪士尼奶嘴奶瓶通用贝亲宽口径宝宝奶嘴/S/M/L婴儿硅胶仿真奶嘴',1,'123','/uploads/20200225/876f401f3bfbe71ffb7a0c1b4ccdfa01.jpg',1,1,NULL,NULL,34.00,34.00,'迪士尼奶嘴奶瓶通用贝亲宽口径宝宝奶嘴/S/M/L婴儿硅胶仿真奶嘴',NULL,NULL,1.20,'0','',NULL,0,1582771164,NULL),(228,58,NULL,'思1号店铺',7,'2341251243125','苹果手机 APPLE 11 PRO MAX ',1,'274453345','/uploads/20191202/06346c7cf97adaf82eb7def8f3daf0d7.jpeg',3,3,NULL,NULL,8868.00,8868.00,'苹果手机',NULL,NULL,1.00,'0','',NULL,0,1582772077,NULL),(229,59,NULL,'思1号店铺',7,'2341251243125','苹果手机 APPLE 11 PRO MAX ',1,'274453345','/uploads/20191202/06346c7cf97adaf82eb7def8f3daf0d7.jpeg',3,3,NULL,NULL,8868.00,8868.00,'智能手机',NULL,NULL,1.00,'0','',NULL,0,1582772077,NULL),(230,60,NULL,'思1号店铺',7,'2341251243125','苹果手机 APPLE 11 PRO MAX ',1,'45421545','/uploads/20191202/06346c7cf97adaf82eb7def8f3daf0d7.jpeg',3,3,NULL,NULL,8868.00,8868.00,'APPLE PHONE',NULL,NULL,1.00,'0','',NULL,0,1582772077,NULL),(231,61,NULL,'思1号店铺',7,'2341251243125','苹果手机 APPLE 11 PRO MAX ',1,'86146746641','/uploads/20191202/06346c7cf97adaf82eb7def8f3daf0d7.jpeg',3,3,NULL,NULL,8868.00,8868.00,'APPLE 11 PRO',NULL,NULL,1.00,'0','',NULL,0,1582772077,NULL),(232,62,NULL,'思1号店铺',7,'2341251243125','苹果手机 APPLE 11 PRO MAX ',1,'165479465','/uploads/20191202/06346c7cf97adaf82eb7def8f3daf0d7.jpeg',3,3,NULL,NULL,8868.00,8868.00,'APPLE 11 PRO MAX',NULL,NULL,1.00,'0','',NULL,0,1582772077,NULL),(233,63,NULL,'迪士尼宝宝正品',8,'44514218657','迪士尼奶嘴奶瓶通用贝亲宽口径宝宝奶嘴/S/M/L婴儿硅胶仿真奶嘴',1,'1','/uploads/20200225/876f401f3bfbe71ffb7a0c1b4ccdfa01.jpg',1,1,NULL,NULL,34.00,34.00,'迪士尼奶嘴奶瓶通用贝亲宽口径宝宝奶嘴/S/M/L婴儿硅胶仿真奶嘴',NULL,NULL,1.00,'0','',NULL,0,1582772153,NULL),(234,63,NULL,'迪士尼宝宝正品',8,'44514218657','迪士尼奶嘴奶瓶通用贝亲宽口径宝宝奶嘴/S/M/L婴儿硅胶仿真奶嘴',1,'1','/uploads/20200225/876f401f3bfbe71ffb7a0c1b4ccdfa01.jpg',1,1,NULL,NULL,34.00,34.00,'迪士尼奶嘴奶瓶通用贝亲宽口径宝宝奶嘴/S/M/L婴儿硅胶仿真奶嘴',NULL,NULL,1.00,'0','',NULL,0,1582772153,NULL),(235,63,NULL,'迪士尼宝宝正品',8,'44514218657','迪士尼奶嘴奶瓶通用贝亲宽口径宝宝奶嘴/S/M/L婴儿硅胶仿真奶嘴',1,'1','/uploads/20200225/876f401f3bfbe71ffb7a0c1b4ccdfa01.jpg',1,1,NULL,NULL,34.00,34.00,'迪士尼奶嘴奶瓶通用贝亲宽口径宝宝奶嘴/S/M/L婴儿硅胶仿真奶嘴',NULL,NULL,1.00,'0','',NULL,0,1582772153,NULL),(236,63,NULL,'迪士尼宝宝正品',8,'44514218657','迪士尼奶嘴奶瓶通用贝亲宽口径宝宝奶嘴/S/M/L婴儿硅胶仿真奶嘴',1,'1','/uploads/20200225/876f401f3bfbe71ffb7a0c1b4ccdfa01.jpg',1,1,NULL,NULL,34.00,34.00,'迪士尼奶嘴奶瓶通用贝亲宽口径宝宝奶嘴/S/M/L婴儿硅胶仿真奶嘴',NULL,NULL,1.00,'0','',NULL,0,1582772153,NULL),(237,63,NULL,'迪士尼宝宝正品',8,'44514218657','迪士尼奶嘴奶瓶通用贝亲宽口径宝宝奶嘴/S/M/L婴儿硅胶仿真奶嘴',1,'1','/uploads/20200225/876f401f3bfbe71ffb7a0c1b4ccdfa01.jpg',1,1,NULL,NULL,34.00,34.00,'迪士尼奶嘴奶瓶通用贝亲宽口径宝宝奶嘴/S/M/L婴儿硅胶仿真奶嘴',NULL,NULL,1.00,'0','',NULL,0,1582772153,NULL),(238,63,NULL,'迪士尼宝宝正品',8,'44514218657','迪士尼奶嘴奶瓶通用贝亲宽口径宝宝奶嘴/S/M/L婴儿硅胶仿真奶嘴',1,'1','/uploads/20200225/876f401f3bfbe71ffb7a0c1b4ccdfa01.jpg',1,1,NULL,NULL,34.00,34.00,'迪士尼奶嘴奶瓶通用贝亲宽口径宝宝奶嘴/S/M/L婴儿硅胶仿真奶嘴',NULL,NULL,1.00,'0','',NULL,0,1582772153,NULL),(239,63,NULL,'迪士尼宝宝正品',8,'44514218657','迪士尼奶嘴奶瓶通用贝亲宽口径宝宝奶嘴/S/M/L婴儿硅胶仿真奶嘴',1,'1','/uploads/20200225/876f401f3bfbe71ffb7a0c1b4ccdfa01.jpg',1,1,NULL,NULL,34.00,34.00,'迪士尼奶嘴奶瓶通用贝亲宽口径宝宝奶嘴/S/M/L婴儿硅胶仿真奶嘴',NULL,NULL,1.00,'0','',NULL,0,1582772153,NULL),(240,63,NULL,'迪士尼宝宝正品',8,'44514218657','迪士尼奶嘴奶瓶通用贝亲宽口径宝宝奶嘴/S/M/L婴儿硅胶仿真奶嘴',1,'1','/uploads/20200225/876f401f3bfbe71ffb7a0c1b4ccdfa01.jpg',1,1,NULL,NULL,34.00,34.00,'迪士尼奶嘴奶瓶通用贝亲宽口径宝宝奶嘴/S/M/L婴儿硅胶仿真奶嘴',NULL,NULL,1.00,'0','',NULL,0,1582772153,NULL),(241,63,NULL,'迪士尼宝宝正品',8,'44514218657','迪士尼奶嘴奶瓶通用贝亲宽口径宝宝奶嘴/S/M/L婴儿硅胶仿真奶嘴',1,'1','/uploads/20200225/876f401f3bfbe71ffb7a0c1b4ccdfa01.jpg',1,1,NULL,NULL,34.00,34.00,'迪士尼奶嘴奶瓶通用贝亲宽口径宝宝奶嘴/S/M/L婴儿硅胶仿真奶嘴',NULL,NULL,1.00,'0','',NULL,0,1582772153,NULL),(242,63,NULL,'迪士尼宝宝正品',8,'44514218657','迪士尼奶嘴奶瓶通用贝亲宽口径宝宝奶嘴/S/M/L婴儿硅胶仿真奶嘴',1,'1','/uploads/20200225/876f401f3bfbe71ffb7a0c1b4ccdfa01.jpg',1,1,NULL,NULL,34.00,34.00,'迪士尼奶嘴奶瓶通用贝亲宽口径宝宝奶嘴/S/M/L婴儿硅胶仿真奶嘴',NULL,NULL,1.00,'0','',NULL,0,1582772153,NULL),(243,64,NULL,'迪士尼宝宝正品',8,'44514218657','迪士尼奶嘴奶瓶通用贝亲宽口径宝宝奶嘴/S/M/L婴儿硅胶仿真奶嘴',1,'1','/uploads/20200225/876f401f3bfbe71ffb7a0c1b4ccdfa01.jpg',1,1,NULL,NULL,34.00,34.00,'迪士尼奶嘴奶瓶通用贝亲宽口径宝宝奶嘴/S/M/L婴儿硅胶仿真奶嘴',NULL,NULL,1.20,'0','',NULL,0,1582772173,NULL),(244,65,NULL,'迪士尼宝宝正品',8,'44514218657','迪士尼奶嘴奶瓶通用贝亲宽口径宝宝奶嘴/S/M/L婴儿硅胶仿真奶嘴',1,'蓝色','/uploads/20200225/876f401f3bfbe71ffb7a0c1b4ccdfa01.jpg',1,1,NULL,NULL,34.00,34.00,'迪士尼奶嘴奶瓶通用贝亲宽口径宝宝奶嘴/S/M/L婴儿硅胶仿真奶嘴',NULL,NULL,1.20,'0','',NULL,0,1593415484,NULL),(245,65,NULL,'迪士尼宝宝正品',8,'44514218657','迪士尼奶嘴奶瓶通用贝亲宽口径宝宝奶嘴/S/M/L婴儿硅胶仿真奶嘴',1,'蓝色','/uploads/20200225/876f401f3bfbe71ffb7a0c1b4ccdfa01.jpg',1,1,NULL,NULL,34.00,34.00,'迪士尼奶嘴奶瓶通用贝亲宽口径宝宝奶嘴/S/M/L婴儿硅胶仿真奶嘴',NULL,NULL,1.20,'0','',NULL,0,1593415484,NULL),(246,65,NULL,'迪士尼宝宝正品',8,'44514218657','迪士尼奶嘴奶瓶通用贝亲宽口径宝宝奶嘴/S/M/L婴儿硅胶仿真奶嘴',1,'蓝色','/uploads/20200225/876f401f3bfbe71ffb7a0c1b4ccdfa01.jpg',1,1,NULL,NULL,34.00,34.00,'迪士尼奶嘴奶瓶通用贝亲宽口径宝宝奶嘴/S/M/L婴儿硅胶仿真奶嘴',NULL,NULL,1.20,'0','',NULL,0,1593415484,NULL),(247,66,NULL,'迪士尼宝宝正品',8,'44514218657','迪士尼奶嘴奶瓶通用贝亲宽口径宝宝奶嘴/S/M/L婴儿硅胶仿真奶嘴',1,'sda d','/uploads/20200225/876f401f3bfbe71ffb7a0c1b4ccdfa01.jpg',1,1,NULL,NULL,34.00,34.00,'迪士尼奶嘴奶瓶通用贝亲宽口径宝宝奶嘴/S/M/L婴儿硅胶仿真奶嘴',NULL,NULL,1.20,'0','',NULL,0,1593508375,NULL),(248,67,NULL,'思1号店铺',7,'2341251243125','苹果手机 APPLE 11 PRO MAX ',1,'3','/uploads/20191202/06346c7cf97adaf82eb7def8f3daf0d7.jpeg',3,3,NULL,NULL,8868.00,8868.00,'苹果手机',NULL,NULL,1.00,'0','',NULL,0,1603951019,NULL),(249,68,NULL,'思1号店铺',7,'2341251243125','苹果手机 APPLE 11 PRO MAX ',1,'3','/uploads/20191202/06346c7cf97adaf82eb7def8f3daf0d7.jpeg',3,3,NULL,NULL,8868.00,8868.00,'智能手机',NULL,NULL,1.00,'0','',NULL,0,1603951019,NULL),(250,69,NULL,'思1号店铺',7,'2341251243125','苹果手机 APPLE 11 PRO MAX ',1,'3','/uploads/20191202/06346c7cf97adaf82eb7def8f3daf0d7.jpeg',3,3,NULL,NULL,8868.00,8868.00,'APPLE PHONE',NULL,NULL,1.00,'0','',NULL,0,1603951019,NULL),(251,70,NULL,'思1号店铺',7,'2341251243125','苹果手机 APPLE 11 PRO MAX ',1,'3','/uploads/20191202/06346c7cf97adaf82eb7def8f3daf0d7.jpeg',3,3,NULL,NULL,8868.00,8868.00,'APPLE 11 PRO',NULL,NULL,1.00,'0','',NULL,0,1603951019,NULL),(252,71,NULL,'思1号店铺',7,'2341251243125','苹果手机 APPLE 11 PRO MAX ',1,'3','/uploads/20191202/06346c7cf97adaf82eb7def8f3daf0d7.jpeg',3,3,NULL,NULL,8868.00,8868.00,'APPLE 11 PRO MAX',NULL,NULL,1.00,'0','',NULL,0,1603951019,NULL),(253,72,NULL,'思1号店铺',7,'2341251243125','苹果手机 APPLE 11 PRO MAX ',1,'3','/uploads/20191202/06346c7cf97adaf82eb7def8f3daf0d7.jpeg',3,3,NULL,NULL,8868.00,8868.00,'3344',NULL,NULL,1.00,'0','',NULL,0,1603951019,NULL),(254,73,NULL,'思1号店铺',7,'2341251243125','苹果手机 APPLE 11 PRO MAX ',1,'3','/uploads/20191202/06346c7cf97adaf82eb7def8f3daf0d7.jpeg',3,3,NULL,NULL,8868.00,8868.00,'444',NULL,NULL,1.00,'0','',NULL,0,1603951019,NULL),(255,74,NULL,'思1号店铺',7,'2341251243125','苹果手机 APPLE 11 PRO MAX ',1,'2','/uploads/20191202/06346c7cf97adaf82eb7def8f3daf0d7.jpeg',3,3,NULL,NULL,8868.00,8868.00,'苹果手机',NULL,NULL,1.00,'0','',NULL,0,1603957605,NULL),(256,75,NULL,'思1号店铺',7,'2341251243125','苹果手机 APPLE 11 PRO MAX ',1,'2','/uploads/20191202/06346c7cf97adaf82eb7def8f3daf0d7.jpeg',3,3,NULL,NULL,8868.00,8868.00,'智能手机',NULL,NULL,1.00,'0','',NULL,0,1603957605,NULL),(257,76,NULL,'思1号店铺',7,'2341251243125','苹果手机 APPLE 11 PRO MAX ',1,'2','/uploads/20191202/06346c7cf97adaf82eb7def8f3daf0d7.jpeg',3,3,NULL,NULL,8868.00,8868.00,'APPLE PHONE',NULL,NULL,1.00,'0','',NULL,0,1603957605,NULL),(258,77,NULL,'思1号店铺',7,'2341251243125','苹果手机 APPLE 11 PRO MAX ',1,'2','/uploads/20191202/06346c7cf97adaf82eb7def8f3daf0d7.jpeg',3,3,NULL,NULL,8868.00,8868.00,'APPLE 11 PRO',NULL,NULL,1.00,'0','',NULL,0,1603957605,NULL),(259,78,NULL,'思1号店铺',7,'2341251243125','苹果手机 APPLE 11 PRO MAX ',1,'2','/uploads/20191202/06346c7cf97adaf82eb7def8f3daf0d7.jpeg',3,3,NULL,NULL,8868.00,8868.00,'APPLE 11 PRO MAX',NULL,NULL,1.00,'0','',NULL,0,1603957605,NULL),(260,79,NULL,'思1号店铺',7,'2341251243125','苹果手机 APPLE 11 PRO MAX ',1,'12','/uploads/20191202/06346c7cf97adaf82eb7def8f3daf0d7.jpeg',3,3,NULL,NULL,8868.00,8868.00,'苹果手机',NULL,NULL,1.00,'0','',NULL,0,1603959702,NULL),(261,80,NULL,'思1号店铺',7,'2341251243125','苹果手机 APPLE 11 PRO MAX ',1,'25','/uploads/20191202/06346c7cf97adaf82eb7def8f3daf0d7.jpeg',3,3,NULL,NULL,8868.00,8868.00,'智能手机',NULL,NULL,1.00,'0','110100',NULL,0,1603959702,NULL),(262,81,NULL,'思1号店铺',7,'2341251243125','苹果手机 APPLE 11 PRO MAX ',1,'24','/uploads/20191202/06346c7cf97adaf82eb7def8f3daf0d7.jpeg',3,3,NULL,NULL,8868.00,8868.00,'APPLE PHONE',NULL,NULL,1.00,'0','110100',NULL,0,1603959702,NULL),(263,82,NULL,'思1号店铺',7,'2341251243125','苹果手机 APPLE 11 PRO MAX ',1,'23','/uploads/20191202/06346c7cf97adaf82eb7def8f3daf0d7.jpeg',3,3,NULL,NULL,8868.00,8868.00,'APPLE 11 PRO',NULL,NULL,1.00,'0','',NULL,0,1603959702,NULL),(264,83,NULL,'思1号店铺',7,'2341251243125','苹果手机 APPLE 11 PRO MAX ',1,'22','/uploads/20191202/06346c7cf97adaf82eb7def8f3daf0d7.jpeg',3,3,NULL,NULL,8868.00,8868.00,'APPLE 11 PRO MAX',NULL,NULL,1.00,'0','110100',NULL,0,1603959702,NULL),(265,84,NULL,'思1号店铺',7,'2341251243125','苹果手机 APPLE 11 PRO MAX ',1,'1','/uploads/20191202/06346c7cf97adaf82eb7def8f3daf0d7.jpeg',3,3,NULL,NULL,8868.00,8868.00,'苹果手机',NULL,NULL,1.00,'0','',NULL,0,1603964003,NULL),(266,85,NULL,'思1号店铺',7,'2341251243125','苹果手机 APPLE 11 PRO MAX ',1,'1','/uploads/20191202/06346c7cf97adaf82eb7def8f3daf0d7.jpeg',3,3,NULL,NULL,8868.00,8868.00,'智能手机',NULL,NULL,1.00,'0','110100',NULL,0,1603964003,NULL),(267,86,NULL,'思1号店铺',7,'2341251243125','苹果手机 APPLE 11 PRO MAX ',1,'1','/uploads/20191202/06346c7cf97adaf82eb7def8f3daf0d7.jpeg',3,3,NULL,NULL,8868.00,8868.00,'APPLE PHONE',NULL,NULL,1.00,'0','',NULL,0,1603964003,NULL),(268,87,NULL,'思1号店铺',7,'2341251243125','苹果手机 APPLE 11 PRO MAX ',1,'1','/uploads/20191202/06346c7cf97adaf82eb7def8f3daf0d7.jpeg',3,3,NULL,NULL,8868.00,8868.00,'APPLE 11 PRO',NULL,NULL,1.00,'0','',NULL,0,1603964003,NULL),(269,88,NULL,'思1号店铺',7,'2341251243125','苹果手机 APPLE 11 PRO MAX ',1,'1','/uploads/20191202/06346c7cf97adaf82eb7def8f3daf0d7.jpeg',3,3,NULL,NULL,8868.00,8868.00,'APPLE 11 PRO MAX',NULL,NULL,1.00,'0','110100',NULL,0,1603964003,NULL);
/*!40000 ALTER TABLE `sd_order` ENABLE KEYS */;
UNLOCK TABLES;

--
-- Table structure for table `sd_plan`
--

DROP TABLE IF EXISTS `sd_plan`;
/*!40101 SET @saved_cs_client     = @@character_set_client */;
/*!40101 SET character_set_client = utf8 */;
CREATE TABLE `sd_plan` (
  `id` int(11) NOT NULL AUTO_INCREMENT,
  `seller_id` int(10) DEFAULT NULL COMMENT '商家ID',
  `superior_id` int(10) DEFAULT '0' COMMENT '负责人ID',
  `superior_name` varchar(50) DEFAULT NULL COMMENT '负责人名称',
  `shop_id` int(10) DEFAULT NULL COMMENT '店铺ID',
  `shop_name` varchar(100) DEFAULT NULL COMMENT '店铺名称',
  `tpl_id` mediumint(8) NOT NULL COMMENT '模板ID',
  `keyword` varchar(255) DEFAULT NULL COMMENT '商品关键字',
  `count` int(10) unsigned NOT NULL DEFAULT '0' COMMENT '任务数',
  `goods_pic` varchar(255) DEFAULT NULL COMMENT '商品主图',
  `goods_id` varchar(255) DEFAULT NULL COMMENT '商品ID',
  `goods_name` varchar(255) DEFAULT NULL COMMENT '商品名称',
  `goods_price` decimal(10,2) DEFAULT NULL COMMENT '商品下单价',
  `goods_sku` varchar(50) DEFAULT NULL COMMENT '商品SKU',
  `total_price` decimal(10,2) DEFAULT NULL COMMENT '计划金额',
  `down_price` decimal(10,2) DEFAULT NULL COMMENT '实际下单金额',
  `coupon_price` decimal(10,2) DEFAULT NULL COMMENT '优惠券金额',
  `goods_num` int(10) DEFAULT NULL COMMENT '计划宝贝件数',
  `sort_type` tinyint(4) DEFAULT NULL COMMENT '排序方式',
  `sort_min` int(10) DEFAULT NULL COMMENT '排名区间 最小值',
  `sort_max` int(10) DEFAULT NULL COMMENT '排名区间 最大值',
  `view_time` tinyint(4) DEFAULT NULL COMMENT '浏览时间',
  `address` varchar(255) DEFAULT NULL COMMENT '地区',
  `price_min` int(10) DEFAULT NULL COMMENT '价格区间 起始值',
  `price_max` int(10) DEFAULT NULL COMMENT '价格区间 结束值',
  `unit_money` decimal(10,2) DEFAULT NULL COMMENT '佣金单价',
  `seller_money` decimal(10,2) unsigned DEFAULT '0.00' COMMENT '商家本次任务所需扣除的佣金=任务总数*佣金单价',
  `shop_cat_id` int(10) DEFAULT NULL COMMENT '店铺分类ID',
  `shop_cat_name` varchar(50) DEFAULT NULL COMMENT '店铺分类名称',
  `status` tinyint(4) NOT NULL DEFAULT '0' COMMENT '状态 0待审核 1已审核 2执行中 3已完成 4审核不通过 5已撤销',
  `create_time` int(10) DEFAULT NULL COMMENT '创建时间',
  `update_time` int(10) DEFAULT NULL COMMENT '更新时间',
  `cancel_time` int(10) DEFAULT NULL COMMENT '取消时间',
  `verify_time` int(10) DEFAULT NULL COMMENT '审核时间',
  `remarks` text COMMENT '备注',
  `begin_time` int(10) DEFAULT NULL COMMENT '要求完成时间',
  `other_remark` varchar(255) DEFAULT NULL COMMENT '模板其他要求',
  PRIMARY KEY (`id`),
  KEY `shop_id` (`shop_id`),
  KEY `seller_id` (`seller_id`),
  KEY `superior_id` (`superior_id`),
  KEY `goods_id` (`goods_id`),
  KEY `status` (`status`),
  KEY `goods_price` (`goods_price`)
) ENGINE=InnoDB AUTO_INCREMENT=89 DEFAULT CHARSET=utf8 COMMENT='计划表';
/*!40101 SET character_set_client = @saved_cs_client */;

--
-- Dumping data for table `sd_plan`
--

LOCK TABLES `sd_plan` WRITE;
/*!40000 ALTER TABLE `sd_plan` DISABLE KEYS */;
INSERT INTO `sd_plan` VALUES (1,2,1,'admin',3,'东东数码旗舰店',3,'索尼游戏机',20,'/uploads/20191122/9ba3e8762f6064040376f890fc9e6987.jpg','234123512431243','索尼（SONY）PS4 Pro PlayStation国行游戏机 1TB主机',1860.00,'32G内存',111600.00,NULL,0.00,3,1,1,100,0,NULL,0,0,10.00,200.00,1,'3C数码配件',2,1574841662,1574841716,NULL,1574841710,NULL,1574784000,NULL),(2,2,1,'admin',3,'东东数码旗舰店',3,'索尼PS4',20,'/uploads/20191122/9ba3e8762f6064040376f890fc9e6987.jpg','234123512431243','索尼（SONY）PS4 Pro PlayStation国行游戏机 1TB主机',1860.00,'64G内存',74400.00,NULL,0.00,2,1,1,100,0,NULL,0,0,8.00,160.00,1,'3C数码配件',2,1574841662,1574841716,NULL,1574841710,NULL,1574784000,NULL),(3,2,1,'admin',3,'东东数码旗舰店',3,'索尼国行游戏机',20,'/uploads/20191122/9ba3e8762f6064040376f890fc9e6987.jpg','234123512431243','索尼（SONY）PS4 Pro PlayStation国行游戏机 1TB主机',1860.00,'128G内存',37200.00,NULL,0.00,1,1,1,100,0,NULL,0,0,6.00,120.00,1,'3C数码配件',2,1574841662,1574841716,NULL,1574841710,NULL,1574784000,NULL),(4,2,1,'admin',3,'东东数码旗舰店',3,'游戏机',20,'/uploads/20191122/9ba3e8762f6064040376f890fc9e6987.jpg','234123512431243','索尼（SONY）PS4 Pro PlayStation国行游戏机 1TB主机',1860.00,'256G内存',37200.00,NULL,0.00,1,1,1,100,0,NULL,0,2000,6.00,120.00,1,'3C数码配件',2,1574841662,1574841716,NULL,1574841710,NULL,1574784000,NULL),(5,2,1,'admin',4,'东东2号店铺',4,'打底衫',20,'/uploads/20191126/506ba56afb900957ffb04c269c2904d6.jpg','2432142346655657','2019新款小高领双面金丝绒加厚保暖高领大码修身打底衫',49.00,'红色',4900.00,NULL,0.00,5,1,1,100,0,NULL,0,0,3.00,60.00,2,'MP3/MP4/iPod/录音笔',2,1574841684,1574841716,NULL,1574841710,NULL,1574784000,NULL),(6,2,1,'admin',4,'东东2号店铺',4,'加绒打底衫',20,'/uploads/20191126/506ba56afb900957ffb04c269c2904d6.jpg','2432142346655657','2019新款小高领双面金丝绒加厚保暖高领大码修身打底衫',49.00,'绿色',2940.00,NULL,0.00,3,1,1,100,0,NULL,0,0,1.00,20.00,2,'MP3/MP4/iPod/录音笔',2,1574841684,1574841716,NULL,1574841710,NULL,1574784000,NULL),(7,2,1,'admin',4,'东东2号店铺',4,'高领打底衫',20,'/uploads/20191126/506ba56afb900957ffb04c269c2904d6.jpg','2432142346655657','2019新款小高领双面金丝绒加厚保暖高领大码修身打底衫',49.00,'白色',1960.00,NULL,0.00,2,1,1,100,0,NULL,0,0,1.00,20.00,2,'MP3/MP4/iPod/录音笔',2,1574841684,1574841716,NULL,1574841710,NULL,1574784000,NULL),(8,2,1,'admin',4,'东东2号店铺',4,'修身打底衫',20,'/uploads/20191126/506ba56afb900957ffb04c269c2904d6.jpg','2432142346655657','2019新款小高领双面金丝绒加厚保暖高领大码修身打底衫',49.00,'灰色',980.00,NULL,0.00,1,1,1,100,0,NULL,0,0,1.00,20.00,2,'MP3/MP4/iPod/录音笔',2,1574841684,1574841716,NULL,1574841710,NULL,1574784000,NULL),(9,2,1,'admin',5,'东东3号店铺',5,'天梭手表',18,'/uploads/20191127/8ef58879cd94ec31ed6520d451799cd3.jpg','342425457574563','2019天梭机械手表',1168.00,'钢带',21024.00,NULL,0.00,1,1,1,100,0,NULL,0,0,5.00,90.00,4,'办公设备/耗材/相关服务',2,1574841702,1574841716,NULL,1574841710,NULL,1574784000,NULL),(10,2,1,'admin',5,'东东3号店铺',5,'机械手表',17,'/uploads/20191127/8ef58879cd94ec31ed6520d451799cd3.jpg','342425457574563','2019天梭机械手表',1168.00,'皮带',19856.00,NULL,0.00,1,1,1,100,0,NULL,0,0,5.00,85.00,4,'办公设备/耗材/相关服务',2,1574841702,1574841716,NULL,1574841710,NULL,1574784000,NULL),(11,2,1,'admin',5,'东东3号店铺',5,'天梭机械手表',16,'/uploads/20191127/8ef58879cd94ec31ed6520d451799cd3.jpg','342425457574563','2019天梭机械手表',1168.00,'织带',18688.00,NULL,0.00,1,1,1,100,0,NULL,0,0,5.00,80.00,4,'办公设备/耗材/相关服务',2,1574841702,1574841716,NULL,1574841710,NULL,1574784000,NULL),(33,3,3,'lishishi',7,'思1号店铺',7,'苹果手机',1,'/uploads/20191202/06346c7cf97adaf82eb7def8f3daf0d7.jpeg','2341251243125','苹果手机 APPLE 11 PRO MAX ',8868.00,'16G内存',8868.00,NULL,0.00,1,1,1,100,0,NULL,0,0,15.00,15.00,1,'3C数码配件',1,1575256113,NULL,NULL,1581503952,NULL,1575216000,NULL),(34,3,3,'lishishi',7,'思1号店铺',7,'智能手机',1,'/uploads/20191202/06346c7cf97adaf82eb7def8f3daf0d7.jpeg','2341251243125','苹果手机 APPLE 11 PRO MAX ',8868.00,'32G内存',8868.00,NULL,0.00,1,1,1,100,0,NULL,0,0,15.00,15.00,1,'3C数码配件',1,1575256113,NULL,NULL,1575258170,NULL,1575216000,NULL),(35,3,3,'lishishi',7,'思1号店铺',7,'APPLE PHONE',1,'/uploads/20191202/06346c7cf97adaf82eb7def8f3daf0d7.jpeg','2341251243125','苹果手机 APPLE 11 PRO MAX ',8868.00,'64G内存',8868.00,NULL,0.00,1,1,1,100,0,NULL,0,0,15.00,15.00,1,'3C数码配件',1,1575256113,NULL,NULL,1575258156,NULL,1575216000,NULL),(36,3,3,'lishishi',7,'思1号店铺',7,'APPLE 11 PRO',1,'/uploads/20191202/06346c7cf97adaf82eb7def8f3daf0d7.jpeg','2341251243125','苹果手机 APPLE 11 PRO MAX ',8868.00,'128G内存',8868.00,NULL,0.00,1,1,1,100,0,NULL,0,0,15.00,15.00,1,'3C数码配件',1,1575256113,NULL,NULL,1575258170,NULL,1575216000,NULL),(37,3,3,'lishishi',7,'思1号店铺',7,'APPLE 11 PRO MAX',1,'/uploads/20191202/06346c7cf97adaf82eb7def8f3daf0d7.jpeg','2341251243125','苹果手机 APPLE 11 PRO MAX ',8868.00,'256G内存',8868.00,NULL,0.00,1,1,1,100,0,NULL,0,0,15.00,15.00,1,'3C数码配件',1,1575256113,NULL,NULL,1575256879,NULL,1575216000,NULL),(38,2,1,'admin',6,'东东4号店铺',6,'要在一上的',1,'/uploads/20191122/feddda115857be749edb7ceb2024572a.jpg','2645707685674','东东4号店铺的商品标题',87.00,'1',261.00,NULL,0.00,3,0,1,100,0,NULL,0,0,3.00,3.00,14,'宠物/宠物食品及用品',1,1576650378,NULL,NULL,1581503952,NULL,1576598400,NULL),(39,2,1,'admin',6,'东东4号店铺',6,'不主一是',1,'/uploads/20191122/feddda115857be749edb7ceb2024572a.jpg','2645707685674','东东4号店铺的商品标题',87.00,'1',174.00,NULL,0.00,2,0,1,100,0,NULL,0,0,1.00,1.00,14,'宠物/宠物食品及用品',1,1576650378,NULL,NULL,1581503952,NULL,1576598400,NULL),(40,2,1,'admin',6,'东东4号店铺',6,'1',1,'/uploads/20191122/feddda115857be749edb7ceb2024572a.jpg','2645707685674','东东4号店铺的商品标题',87.00,'1',87.00,NULL,0.00,1,0,1,100,0,NULL,0,0,1.00,1.00,14,'宠物/宠物食品及用品',1,1576650378,NULL,NULL,1581503952,NULL,1576598400,NULL),(41,2,1,'admin',3,'东东数码旗舰店',3,'索尼游戏机',1,'/uploads/20191122/9ba3e8762f6064040376f890fc9e6987.jpg','234123512431243','索尼（SONY）PS4 Pro PlayStation国行游戏机 1TB主机',1860.00,'1',1860.00,NULL,0.00,1,1,1,100,0,NULL,0,0,6.00,6.00,1,'3C数码配件',1,1576650448,NULL,NULL,1581503952,NULL,1576598400,NULL),(42,2,1,'admin',3,'东东数码旗舰店',3,'索尼PS4',1,'/uploads/20191122/9ba3e8762f6064040376f890fc9e6987.jpg','234123512431243','索尼（SONY）PS4 Pro PlayStation国行游戏机 1TB主机',1860.00,'1',1860.00,NULL,0.00,1,1,1,100,0,NULL,0,0,6.00,6.00,1,'3C数码配件',1,1576650448,NULL,NULL,1581503952,NULL,1576598400,NULL),(43,2,1,'admin',3,'东东数码旗舰店',3,'索尼国行游戏机',1,'/uploads/20191122/9ba3e8762f6064040376f890fc9e6987.jpg','234123512431243','索尼（SONY）PS4 Pro PlayStation国行游戏机 1TB主机',1860.00,'1',1860.00,NULL,0.00,1,1,1,100,0,NULL,0,0,6.00,6.00,1,'3C数码配件',1,1576650448,NULL,NULL,1581503952,NULL,1576598400,NULL),(44,1,1,'admin',1,'小新新的网店1号',1,'苹果数据线11',1,'/uploads/20191121/11aad5e29ba78dab769a61fc30c513a0.jpg','2412312423411','测试一个宝贝标题',26.00,'红色',26.00,NULL,0.00,1,0,1,100,0,NULL,0,0,1.00,1.00,2,'MP3/MP4/iPod/录音笔',1,1576725871,NULL,NULL,1577861847,NULL,1576684800,NULL),(45,1,1,'admin',1,'小新新的网店1号',1,'数据线22',1,'/uploads/20191121/11aad5e29ba78dab769a61fc30c513a0.jpg','2412312423411','测试一个宝贝标题',26.00,'绿色',26.00,NULL,0.00,1,0,1,100,0,NULL,0,0,1.00,1.00,2,'MP3/MP4/iPod/录音笔',1,1576725871,NULL,NULL,1581503952,NULL,1576684800,NULL),(55,1,1,'admin',8,'迪士尼宝宝正品',8,'迪士尼奶嘴奶瓶通用贝亲宽口径宝宝奶嘴/S/M/L婴儿硅胶仿真奶嘴',1,'/uploads/20200225/876f401f3bfbe71ffb7a0c1b4ccdfa01.jpg','44514218657','迪士尼奶嘴奶瓶通用贝亲宽口径宝宝奶嘴/S/M/L婴儿硅胶仿真奶嘴',34.00,'123',34.00,NULL,0.00,1,1,1,100,5,NULL,20,50,1.00,1.00,97,'孕妇装/孕产妇用品/营养',5,1582769939,NULL,1582771019,1582770349,'',1582732800,NULL),(56,1,1,'admin',8,'迪士尼宝宝正品',8,'迪士尼奶嘴奶瓶通用贝亲宽口径宝宝奶嘴/S/M/L婴儿硅胶仿真奶嘴',1,'/uploads/20200225/876f401f3bfbe71ffb7a0c1b4ccdfa01.jpg','44514218657','迪士尼奶嘴奶瓶通用贝亲宽口径宝宝奶嘴/S/M/L婴儿硅胶仿真奶嘴',34.00,'1',34.00,NULL,0.00,1,1,1,100,5,NULL,20,50,1.00,1.00,97,'孕妇装/孕产妇用品/营养',5,1582770110,NULL,1582771019,1582770349,'',1582732800,NULL),(57,1,1,'admin',8,'迪士尼宝宝正品',8,'迪士尼奶嘴奶瓶通用贝亲宽口径宝宝奶嘴/S/M/L婴儿硅胶仿真奶嘴',1,'/uploads/20200225/876f401f3bfbe71ffb7a0c1b4ccdfa01.jpg','44514218657','迪士尼奶嘴奶瓶通用贝亲宽口径宝宝奶嘴/S/M/L婴儿硅胶仿真奶嘴',34.00,'123',34.00,NULL,0.00,1,1,1,100,5,NULL,20,50,1.00,1.00,97,'孕妇装/孕产妇用品/营养',1,1582771164,NULL,NULL,1582771189,NULL,1582732800,NULL),(58,3,3,'lishishi',7,'思1号店铺',7,'苹果手机',1,'/uploads/20191202/06346c7cf97adaf82eb7def8f3daf0d7.jpeg','2341251243125','苹果手机 APPLE 11 PRO MAX ',8868.00,'274453345',8868.00,NULL,0.00,1,1,1,100,0,NULL,0,0,15.00,15.00,1,'3C数码配件',1,1582772077,NULL,NULL,1582772122,NULL,1582732800,NULL),(59,3,3,'lishishi',7,'思1号店铺',7,'智能手机',1,'/uploads/20191202/06346c7cf97adaf82eb7def8f3daf0d7.jpeg','2341251243125','苹果手机 APPLE 11 PRO MAX ',8868.00,'274453345',8868.00,NULL,0.00,1,1,1,100,0,NULL,0,0,15.00,15.00,1,'3C数码配件',1,1582772077,NULL,NULL,1582772117,NULL,1582732800,NULL),(60,3,3,'lishishi',7,'思1号店铺',7,'APPLE PHONE',1,'/uploads/20191202/06346c7cf97adaf82eb7def8f3daf0d7.jpeg','2341251243125','苹果手机 APPLE 11 PRO MAX ',8868.00,'45421545',8868.00,NULL,0.00,1,1,1,100,0,NULL,0,0,15.00,15.00,1,'3C数码配件',1,1582772077,NULL,NULL,1582772117,NULL,1582732800,NULL),(61,3,3,'lishishi',7,'思1号店铺',7,'APPLE 11 PRO',1,'/uploads/20191202/06346c7cf97adaf82eb7def8f3daf0d7.jpeg','2341251243125','苹果手机 APPLE 11 PRO MAX ',8868.00,'86146746641',8868.00,NULL,0.00,1,1,1,100,0,NULL,0,0,15.00,15.00,1,'3C数码配件',1,1582772077,NULL,NULL,1582772117,NULL,1582732800,NULL),(62,3,3,'lishishi',7,'思1号店铺',7,'APPLE 11 PRO MAX',1,'/uploads/20191202/06346c7cf97adaf82eb7def8f3daf0d7.jpeg','2341251243125','苹果手机 APPLE 11 PRO MAX ',8868.00,'165479465',8868.00,NULL,0.00,1,1,1,100,0,NULL,0,0,15.00,15.00,1,'3C数码配件',1,1582772077,NULL,NULL,1582772110,NULL,1582732800,NULL),(63,1,1,'admin',8,'迪士尼宝宝正品',8,'迪士尼奶嘴奶瓶通用贝亲宽口径宝宝奶嘴/S/M/L婴儿硅胶仿真奶嘴',10,'/uploads/20200225/876f401f3bfbe71ffb7a0c1b4ccdfa01.jpg','44514218657','迪士尼奶嘴奶瓶通用贝亲宽口径宝宝奶嘴/S/M/L婴儿硅胶仿真奶嘴',34.00,'1',340.00,NULL,0.00,1,1,1,100,5,NULL,20,50,1.00,10.00,97,'孕妇装/孕产妇用品/营养',1,1582772153,NULL,NULL,1582772354,NULL,1582732800,NULL),(64,1,1,'admin',8,'迪士尼宝宝正品',8,'迪士尼奶嘴奶瓶通用贝亲宽口径宝宝奶嘴/S/M/L婴儿硅胶仿真奶嘴',1,'/uploads/20200225/876f401f3bfbe71ffb7a0c1b4ccdfa01.jpg','44514218657','迪士尼奶嘴奶瓶通用贝亲宽口径宝宝奶嘴/S/M/L婴儿硅胶仿真奶嘴',34.00,'1',34.00,NULL,0.00,1,1,1,100,5,NULL,20,50,1.00,1.00,97,'孕妇装/孕产妇用品/营养',1,1582772173,NULL,NULL,1582772354,NULL,1582732800,NULL),(65,1,1,'admin',8,'迪士尼宝宝正品',8,'迪士尼奶嘴奶瓶通用贝亲宽口径宝宝奶嘴/S/M/L婴儿硅胶仿真奶嘴',3,'/uploads/20200225/876f401f3bfbe71ffb7a0c1b4ccdfa01.jpg','44514218657','迪士尼奶嘴奶瓶通用贝亲宽口径宝宝奶嘴/S/M/L婴儿硅胶仿真奶嘴',34.00,'蓝色',102.00,NULL,0.00,1,1,1,100,5,NULL,20,50,1.00,3.00,97,'孕妇装/孕产妇用品/营养',1,1593415484,NULL,NULL,1593415532,NULL,1593360000,NULL),(66,1,1,'admin',8,'迪士尼宝宝正品',8,'迪士尼奶嘴奶瓶通用贝亲宽口径宝宝奶嘴/S/M/L婴儿硅胶仿真奶嘴',1,'/uploads/20200225/876f401f3bfbe71ffb7a0c1b4ccdfa01.jpg','44514218657','迪士尼奶嘴奶瓶通用贝亲宽口径宝宝奶嘴/S/M/L婴儿硅胶仿真奶嘴',34.00,'sda d',34.00,NULL,0.00,1,1,1,100,5,NULL,20,50,1.00,1.00,97,'孕妇装/孕产妇用品/营养',0,1593508375,NULL,NULL,NULL,NULL,1593446400,NULL),(67,3,3,'lishishi',7,'思1号店铺',7,'苹果手机',1,'/uploads/20191202/06346c7cf97adaf82eb7def8f3daf0d7.jpeg','2341251243125','苹果手机 APPLE 11 PRO MAX ',8868.00,'3',8868.00,NULL,0.00,1,1,1,100,0,NULL,0,0,15.00,15.00,1,'3C数码配件',1,1603951019,NULL,NULL,1603952856,NULL,1603900800,NULL),(68,3,3,'lishishi',7,'思1号店铺',7,'智能手机',1,'/uploads/20191202/06346c7cf97adaf82eb7def8f3daf0d7.jpeg','2341251243125','苹果手机 APPLE 11 PRO MAX ',8868.00,'3',8868.00,NULL,0.00,1,1,1,100,0,NULL,0,0,15.00,15.00,1,'3C数码配件',1,1603951019,NULL,NULL,1603951199,NULL,1603900800,NULL),(69,3,3,'lishishi',7,'思1号店铺',7,'APPLE PHONE',1,'/uploads/20191202/06346c7cf97adaf82eb7def8f3daf0d7.jpeg','2341251243125','苹果手机 APPLE 11 PRO MAX ',8868.00,'3',8868.00,NULL,0.00,1,1,1,100,0,NULL,0,0,15.00,15.00,1,'3C数码配件',1,1603951019,NULL,NULL,1603952856,NULL,1603900800,NULL),(70,3,3,'lishishi',7,'思1号店铺',7,'APPLE 11 PRO',1,'/uploads/20191202/06346c7cf97adaf82eb7def8f3daf0d7.jpeg','2341251243125','苹果手机 APPLE 11 PRO MAX ',8868.00,'3',8868.00,NULL,0.00,1,1,1,100,0,NULL,0,0,15.00,15.00,1,'3C数码配件',1,1603951019,NULL,NULL,1603951199,NULL,1603900800,NULL),(71,3,3,'lishishi',7,'思1号店铺',7,'APPLE 11 PRO MAX',1,'/uploads/20191202/06346c7cf97adaf82eb7def8f3daf0d7.jpeg','2341251243125','苹果手机 APPLE 11 PRO MAX ',8868.00,'3',8868.00,NULL,0.00,1,1,1,100,0,NULL,0,0,15.00,15.00,1,'3C数码配件',1,1603951019,NULL,NULL,1603951199,NULL,1603900800,NULL),(72,3,3,'lishishi',7,'思1号店铺',7,'3344',1,'/uploads/20191202/06346c7cf97adaf82eb7def8f3daf0d7.jpeg','2341251243125','苹果手机 APPLE 11 PRO MAX ',8868.00,'3',8868.00,NULL,0.00,1,1,1,100,0,NULL,0,0,15.00,15.00,1,'3C数码配件',1,1603951019,NULL,NULL,1603951199,NULL,1603900800,NULL),(73,3,3,'lishishi',7,'思1号店铺',7,'444',1,'/uploads/20191202/06346c7cf97adaf82eb7def8f3daf0d7.jpeg','2341251243125','苹果手机 APPLE 11 PRO MAX ',8868.00,'3',8868.00,NULL,0.00,1,1,1,100,0,NULL,0,0,15.00,15.00,1,'3C数码配件',1,1603951019,NULL,NULL,1603951056,NULL,1603900800,NULL),(74,3,3,'lishishi',7,'思1号店铺',7,'苹果手机',1,'/uploads/20191202/06346c7cf97adaf82eb7def8f3daf0d7.jpeg','2341251243125','苹果手机 APPLE 11 PRO MAX ',8868.00,'2',8868.00,NULL,0.00,1,1,1,100,0,NULL,0,0,15.00,15.00,1,'3C数码配件',1,1603957605,NULL,NULL,1603957868,NULL,1603900800,NULL),(75,3,3,'lishishi',7,'思1号店铺',7,'智能手机',1,'/uploads/20191202/06346c7cf97adaf82eb7def8f3daf0d7.jpeg','2341251243125','苹果手机 APPLE 11 PRO MAX ',8868.00,'2',8868.00,NULL,0.00,1,1,1,100,0,NULL,0,0,15.00,15.00,1,'3C数码配件',1,1603957605,NULL,NULL,1603957859,NULL,1603900800,NULL),(76,3,3,'lishishi',7,'思1号店铺',7,'APPLE PHONE',1,'/uploads/20191202/06346c7cf97adaf82eb7def8f3daf0d7.jpeg','2341251243125','苹果手机 APPLE 11 PRO MAX ',8868.00,'2',8868.00,NULL,0.00,1,1,1,100,0,NULL,0,0,15.00,15.00,1,'3C数码配件',1,1603957605,NULL,NULL,1603957859,NULL,1603900800,NULL),(77,3,3,'lishishi',7,'思1号店铺',7,'APPLE 11 PRO',1,'/uploads/20191202/06346c7cf97adaf82eb7def8f3daf0d7.jpeg','2341251243125','苹果手机 APPLE 11 PRO MAX ',8868.00,'2',8868.00,NULL,0.00,1,1,1,100,0,NULL,0,0,15.00,15.00,1,'3C数码配件',1,1603957605,NULL,NULL,1603957859,NULL,1603900800,NULL),(78,3,3,'lishishi',7,'思1号店铺',7,'APPLE 11 PRO MAX',1,'/uploads/20191202/06346c7cf97adaf82eb7def8f3daf0d7.jpeg','2341251243125','苹果手机 APPLE 11 PRO MAX ',8868.00,'2',8868.00,NULL,0.00,1,1,1,100,0,NULL,0,0,15.00,15.00,1,'3C数码配件',1,1603957605,NULL,NULL,1603957859,NULL,1603900800,NULL),(79,3,3,'lishishi',7,'思1号店铺',7,'苹果手机',1,'/uploads/20191202/06346c7cf97adaf82eb7def8f3daf0d7.jpeg','2341251243125','苹果手机 APPLE 11 PRO MAX ',8868.00,'12',8868.00,NULL,0.00,1,1,1,100,0,NULL,0,0,15.00,15.00,1,'3C数码配件',1,1603959702,NULL,NULL,1603960192,NULL,1603987200,NULL),(80,3,3,'lishishi',7,'思1号店铺',7,'智能手机',1,'/uploads/20191202/06346c7cf97adaf82eb7def8f3daf0d7.jpeg','2341251243125','苹果手机 APPLE 11 PRO MAX ',8868.00,'25',8868.00,NULL,0.00,1,1,1,100,0,NULL,0,0,15.00,15.00,1,'3C数码配件',1,1603959702,NULL,NULL,1603960192,NULL,1603987200,NULL),(81,3,3,'lishishi',7,'思1号店铺',7,'APPLE PHONE',1,'/uploads/20191202/06346c7cf97adaf82eb7def8f3daf0d7.jpeg','2341251243125','苹果手机 APPLE 11 PRO MAX ',8868.00,'24',8868.00,NULL,0.00,1,1,1,100,0,NULL,0,0,15.00,15.00,1,'3C数码配件',1,1603959702,NULL,NULL,1603960192,NULL,1603987200,NULL),(82,3,3,'lishishi',7,'思1号店铺',7,'APPLE 11 PRO',1,'/uploads/20191202/06346c7cf97adaf82eb7def8f3daf0d7.jpeg','2341251243125','苹果手机 APPLE 11 PRO MAX ',8868.00,'23',8868.00,NULL,0.00,1,1,1,100,0,NULL,0,0,15.00,15.00,1,'3C数码配件',1,1603959702,NULL,NULL,1603960192,NULL,1603987200,NULL),(83,3,3,'lishishi',7,'思1号店铺',7,'APPLE 11 PRO MAX',1,'/uploads/20191202/06346c7cf97adaf82eb7def8f3daf0d7.jpeg','2341251243125','苹果手机 APPLE 11 PRO MAX ',8868.00,'22',8868.00,NULL,0.00,1,1,1,100,0,NULL,0,0,15.00,15.00,1,'3C数码配件',1,1603959702,NULL,NULL,1603960180,NULL,1603987200,NULL),(84,3,3,'lishishi',7,'思1号店铺',7,'苹果手机',1,'/uploads/20191202/06346c7cf97adaf82eb7def8f3daf0d7.jpeg','2341251243125','苹果手机 APPLE 11 PRO MAX ',8868.00,'1',8868.00,NULL,0.00,1,1,1,100,0,NULL,0,0,15.00,15.00,1,'3C数码配件',0,1603964003,NULL,NULL,NULL,NULL,1604073600,NULL),(85,3,3,'lishishi',7,'思1号店铺',7,'智能手机',1,'/uploads/20191202/06346c7cf97adaf82eb7def8f3daf0d7.jpeg','2341251243125','苹果手机 APPLE 11 PRO MAX ',8868.00,'1',8868.00,NULL,0.00,1,1,1,100,0,NULL,0,0,15.00,15.00,1,'3C数码配件',0,1603964003,NULL,NULL,NULL,NULL,1604073600,NULL),(86,3,3,'lishishi',7,'思1号店铺',7,'APPLE PHONE',1,'/uploads/20191202/06346c7cf97adaf82eb7def8f3daf0d7.jpeg','2341251243125','苹果手机 APPLE 11 PRO MAX ',8868.00,'1',8868.00,NULL,0.00,1,1,1,100,0,NULL,0,0,15.00,15.00,1,'3C数码配件',0,1603964003,NULL,NULL,NULL,NULL,1604073600,NULL),(87,3,3,'lishishi',7,'思1号店铺',7,'APPLE 11 PRO',1,'/uploads/20191202/06346c7cf97adaf82eb7def8f3daf0d7.jpeg','2341251243125','苹果手机 APPLE 11 PRO MAX ',8868.00,'1',8868.00,NULL,0.00,1,1,1,100,0,NULL,0,0,15.00,15.00,1,'3C数码配件',0,1603964003,NULL,NULL,NULL,NULL,1604073600,NULL),(88,3,3,'lishishi',7,'思1号店铺',7,'APPLE 11 PRO MAX',1,'/uploads/20191202/06346c7cf97adaf82eb7def8f3daf0d7.jpeg','2341251243125','苹果手机 APPLE 11 PRO MAX ',8868.00,'1',8868.00,NULL,0.00,1,1,1,100,0,NULL,0,0,15.00,15.00,1,'3C数码配件',0,1603964003,NULL,NULL,NULL,NULL,1604073600,NULL);
/*!40000 ALTER TABLE `sd_plan` ENABLE KEYS */;
UNLOCK TABLES;

--
-- Table structure for table `sd_provinces`
--

DROP TABLE IF EXISTS `sd_provinces`;
/*!40101 SET @saved_cs_client     = @@character_set_client */;
/*!40101 SET character_set_client = utf8 */;
CREATE TABLE `sd_provinces` (
  `id` int(11) NOT NULL AUTO_INCREMENT,
  `provinceid` int(11) NOT NULL,
  `province` varchar(100) NOT NULL DEFAULT '',
  PRIMARY KEY (`id`)
) ENGINE=InnoDB AUTO_INCREMENT=35 DEFAULT CHARSET=utf8 COMMENT='省份表';
/*!40101 SET character_set_client = @saved_cs_client */;

--
-- Dumping data for table `sd_provinces`
--

LOCK TABLES `sd_provinces` WRITE;
/*!40000 ALTER TABLE `sd_provinces` DISABLE KEYS */;
INSERT INTO `sd_provinces` VALUES (1,110000,'北京市'),(2,120000,'天津市'),(3,130000,'河北省'),(4,140000,'山西省'),(5,150000,'内蒙古自治区'),(6,210000,'辽宁省'),(7,220000,'吉林省'),(8,230000,'黑龙江省'),(9,310000,'上海市'),(10,320000,'江苏省'),(11,330000,'浙江省'),(12,340000,'安徽省'),(13,350000,'福建省'),(14,360000,'江西省'),(15,370000,'山东省'),(16,410000,'河南省'),(17,420000,'湖北省'),(18,430000,'湖南省'),(19,440000,'广东省'),(20,450000,'广西壮族自治区'),(21,460000,'海南省'),(22,500000,'重庆市'),(23,510000,'四川省'),(24,520000,'贵州省'),(25,530000,'云南省'),(26,540000,'西藏自治区'),(27,610000,'陕西省'),(28,620000,'甘肃省'),(29,630000,'青海省'),(30,640000,'宁夏回族自治区'),(31,650000,'新疆维吾尔自治区'),(32,710000,'台湾省'),(33,810000,'香港特别行政区'),(34,820000,'澳门特别行政区');
/*!40000 ALTER TABLE `sd_provinces` ENABLE KEYS */;
UNLOCK TABLES;

--
-- Table structure for table `sd_recharge`
--

DROP TABLE IF EXISTS `sd_recharge`;
/*!40101 SET @saved_cs_client     = @@character_set_client */;
/*!40101 SET character_set_client = utf8 */;
CREATE TABLE `sd_recharge` (
  `id` int(11) NOT NULL AUTO_INCREMENT,
  `user_type` tinyint(1) NOT NULL DEFAULT '2' COMMENT '用户类型 1业务员 2商家 3管理员',
  `seller_id` int(10) DEFAULT NULL COMMENT '商家ID',
  `superior_id` int(10) DEFAULT NULL COMMENT '上级用户ID',
  `seller_name` varchar(50) DEFAULT NULL COMMENT '商家名称',
  `money` decimal(10,2) DEFAULT NULL COMMENT '充值金额',
  `cn_money` varchar(100) DEFAULT NULL COMMENT '金额大写',
  `real_name` varchar(50) DEFAULT NULL COMMENT '汇款人姓名',
  `seller_mobile` varchar(30) DEFAULT NULL COMMENT '商家电话',
  `bank_account_name` varchar(50) DEFAULT NULL COMMENT '转入账号名',
  `bank_name` varchar(50) DEFAULT NULL COMMENT '转入账户银行名称',
  `bank_number` varchar(50) DEFAULT NULL COMMENT '转入账号银行卡号',
  `bank_id` int(10) DEFAULT NULL COMMENT '银行ID',
  `cert_pic` varchar(255) DEFAULT NULL COMMENT '上传凭证',
  `status` tinyint(4) DEFAULT '0' COMMENT '状态 0待审核 1通过  2驳回',
  `op_name` varchar(30) DEFAULT NULL COMMENT '操作人',
  `update_time` int(10) DEFAULT NULL,
  `create_time` int(10) DEFAULT NULL,
  `remarks` varchar(255) DEFAULT NULL,
  PRIMARY KEY (`id`),
  KEY `seller_id` (`seller_id`),
  KEY `superior_id` (`superior_id`)
) ENGINE=InnoDB AUTO_INCREMENT=13 DEFAULT CHARSET=utf8 COMMENT='充值申请表';
/*!40101 SET character_set_client = @saved_cs_client */;

--
-- Dumping data for table `sd_recharge`
--

LOCK TABLES `sd_recharge` WRITE;
/*!40000 ALTER TABLE `sd_recharge` DISABLE KEYS */;
INSERT INTO `sd_recharge` VALUES (4,2,1,1,'xiaoxin',2000.00,'贰仟元整','陈小小','18259206801','黄建新','工商银行','6222021404009095432',0,'/uploads/recharge/20191120/d6e04af1ac921b8208fd8dc777c74f43.jpg',1,'admin',1574239225,1574238812,'11212'),(5,2,1,1,'xiaoxin',3000.00,'叁仟元整','陈小小','18259206801','黄建新','工商银行','6222021404009095432',0,'/uploads/recharge/20191121/91e7c68e22fa8b029fe0cccf1cd0a832.jpg',1,'admin',1574323367,1574303377,'1111'),(6,3,1,1,'admin',200.00,'贰佰元整','李军','18259206801','黄建新','工商银行','6222021404009095432',0,'/uploads/recharge/20191121/a9fb9979fec48bae9c753a4bebfdcfb5.jpg',0,NULL,NULL,1574324488,NULL),(7,2,2,1,'xiaodong',9000.00,'玖仟元整','陈小东','18259206809','黄建新','工商银行','6222021404009095432',0,'/uploads/recharge/20191122/db173fd00cbf148c4106c23bff57f7ab.jpg',1,'admin',1574393530,1574393520,'111'),(8,2,3,3,'shi001',10000.00,'壹万元整','思1号','18259206601','李思思','中国工商银行','622202140040094822',0,'/uploads/recharge/20191202/b1b615a715412b94f9489b98483464e1.jpg',1,'lishishi',1575255527,1575254200,'2323'),(11,3,3,1,'lishishi',1000.00,'壹仟元整','李思思','18259206808','黄建新','工商银行','6222021404009095432',0,'/uploads/recharge/20191202/56447f86dd5fa62915af3b593262c5fc.jpeg',1,'admin',1575255455,1575255364,'1212'),(12,3,3,1,'lishishi',20000.00,'贰万元整','李思思','18259206808','黄建新','工商银行','6222021404009095432',0,'/uploads/recharge/20191202/e93ba3808d22cc6f6e4712e57199db82.jpg',1,'admin',1575255502,1575255488,'22');
/*!40000 ALTER TABLE `sd_recharge` ENABLE KEYS */;
UNLOCK TABLES;

--
-- Table structure for table `sd_seller`
--

DROP TABLE IF EXISTS `sd_seller`;
/*!40101 SET @saved_cs_client     = @@character_set_client */;
/*!40101 SET character_set_client = utf8 */;
CREATE TABLE `sd_seller` (
  `id` mediumint(8) NOT NULL AUTO_INCREMENT COMMENT '表id',
  `name` varchar(50) NOT NULL COMMENT '商家名称',
  `superior_id` int(10) DEFAULT NULL COMMENT '上级用户ID',
  `bank_name` varchar(50) DEFAULT NULL,
  `bank_number` varchar(50) NOT NULL COMMENT '银行卡号',
  `password` varchar(70) NOT NULL COMMENT '登录密码',
  `pwd_str` varchar(50) DEFAULT NULL COMMENT '原密码',
  `real_name` varchar(25) DEFAULT NULL COMMENT '真实名字',
  `sex` tinyint(4) DEFAULT '0' COMMENT '性别 1男 2女',
  `age` int(8) DEFAULT NULL COMMENT '年龄',
  `mobile` varchar(20) NOT NULL COMMENT '手机号码',
  `qq` varchar(20) DEFAULT NULL COMMENT 'QQ',
  `user_money` decimal(10,2) unsigned DEFAULT '0.00' COMMENT '用户金额',
  `frozen_money` decimal(10,2) unsigned DEFAULT NULL COMMENT '冻结金额',
  `wechat` varchar(20) DEFAULT NULL COMMENT '微信号',
  `ship_addr` varchar(255) DEFAULT NULL COMMENT '收货地址',
  `create_time` int(10) NOT NULL,
  `status` tinyint(4) DEFAULT NULL COMMENT '状态 0待审核  1已审核  2未通过',
  `remarks` varchar(255) DEFAULT NULL COMMENT '备注',
  `update_time` int(10) unsigned DEFAULT NULL,
  `commission` varchar(255) DEFAULT '[]' COMMENT '佣金配置',
  PRIMARY KEY (`id`),
  KEY `superior_id` (`superior_id`),
  KEY `name` (`name`)
) ENGINE=InnoDB AUTO_INCREMENT=4 DEFAULT CHARSET=utf8 COMMENT='商家表';
/*!40101 SET character_set_client = @saved_cs_client */;

--
-- Dumping data for table `sd_seller`
--

LOCK TABLES `sd_seller` WRITE;
/*!40000 ALTER TABLE `sd_seller` DISABLE KEYS */;
INSERT INTO `sd_seller` VALUES (1,'xiaoxin',1,'建设银行','6222021404002809988','4250f2ad069c42d227e38603f42a1844',NULL,'黄小新',1,22,'18259206801','123123',5518.00,NULL,'wx134234','模压 基本面顶戴奇才顶替',1573801304,1,NULL,NULL,'[]'),(2,'xiaodong',1,'中国工商银行','6222021404009095322','4250f2ad069c42d227e38603f42a1844',NULL,'陈小东',1,26,'18259206809','1235432',5739.00,NULL,'','',1574393220,1,NULL,NULL,'[]'),(3,'shi001',1,'招商银行','622024040992342143','d11b2c957a2e19d86e48decfada4b875',NULL,'李思1号',1,23,'18259206601','1231343',9520.00,NULL,'','',1575253485,1,NULL,NULL,'[]');
/*!40000 ALTER TABLE `sd_seller` ENABLE KEYS */;
UNLOCK TABLES;

--
-- Table structure for table `sd_shop`
--

DROP TABLE IF EXISTS `sd_shop`;
/*!40101 SET @saved_cs_client     = @@character_set_client */;
/*!40101 SET character_set_client = utf8 */;
CREATE TABLE `sd_shop` (
  `id` mediumint(8) NOT NULL AUTO_INCREMENT,
  `seller_id` int(10) DEFAULT NULL COMMENT '商家ID',
  `superior_id` int(10) DEFAULT NULL COMMENT '上级用户ID',
  `seller_name` varchar(50) DEFAULT NULL COMMENT '商家名称',
  `tb_shop_id` varchar(255) DEFAULT NULL COMMENT '淘宝店铺ID',
  `name` varchar(255) DEFAULT NULL COMMENT '店铺名称',
  `ww_number` varchar(50) DEFAULT NULL COMMENT '旺旺号',
  `shop_type` tinyint(4) DEFAULT NULL COMMENT '店铺类型',
  `status` tinyint(4) DEFAULT '0' COMMENT '状态 0待审核 1已审核  2未通过',
  `cat_id` tinyint(4) DEFAULT NULL COMMENT '铺店类目',
  `cat_name` varchar(50) DEFAULT NULL COMMENT '铺店类目名称',
  `shop_url` varchar(255) DEFAULT NULL COMMENT '店铺链接',
  `create_time` int(10) DEFAULT NULL,
  `update_time` int(10) DEFAULT NULL,
  `remarks` varchar(255) DEFAULT NULL,
  `daily_limit` int(10) DEFAULT '30' COMMENT '每日放单量上限',
  `check_delivery` tinyint(1) DEFAULT '1' COMMENT '确认收货是否验真',
  PRIMARY KEY (`id`),
  UNIQUE KEY `tb_shop_id` (`tb_shop_id`),
  KEY `seller_id` (`seller_id`),
  KEY `superior_id` (`superior_id`),
  KEY `name` (`name`)
) ENGINE=InnoDB AUTO_INCREMENT=10 DEFAULT CHARSET=utf8 COMMENT='店铺表';
/*!40101 SET character_set_client = @saved_cs_client */;

--
-- Dumping data for table `sd_shop`
--

LOCK TABLES `sd_shop` WRITE;
/*!40000 ALTER TABLE `sd_shop` DISABLE KEYS */;
INSERT INTO `sd_shop` VALUES (1,1,1,'xiaoxin','234234123424','小新新的网店1号','huangxixx',1,1,2,'MP3/MP4/iPod/录音笔','http://www.taobao.com',1573806234,1574148943,'14123123',30,1),(2,1,1,'xiaoxin','234980234234','小新的店铺2号','小新2号旺旺',1,1,1,'3C数码配件','http://www.taobao.com/id23234234',1574056275,1574148990,'',30,1),(3,2,1,'xiaodong','293421424','东东数码旗舰店','东东数码',1,1,1,'3C数码配件','http://www.taobao.com',1574393336,NULL,'111',30,1),(4,2,1,'xiaodong','123412431234','东东2号店铺','东东2号',1,1,2,'MP3/MP4/iPod/录音笔','http://www.taobao.com',1574410823,NULL,'111',30,1),(5,2,1,'xiaodong','73402384134132','东东3号店铺','东东3号',1,1,4,'办公设备/耗材/相关服务','http://www.taobao.com',1574410863,NULL,'11',30,1),(6,2,1,'xiaodong','12341645734233','东东4号店铺','东东4号',1,1,14,'宠物/宠物食品及用品','http://www.taobao.com',1574410888,NULL,'111',30,1),(7,3,3,'shi001','2412512424','思1号店铺','思1号',1,1,1,'3C数码配件','www.taobao.com',1575253563,NULL,'11',30,1),(8,1,1,'xiaoxin','71228618','迪士尼宝宝正品','妈妈派对',1,1,97,'孕妇装/孕产妇用品/营养','https://360lovebaby.taobao.com/?spm=a1z10.3-c.0.0.431d643acJp0iY',1582622427,1582622878,'',30,1),(9,3,1,'shi001','23444','测试店铺','3让入',1,0,4,'办公设备/耗材/相关服务','baidu.com',1603958812,NULL,NULL,30,1);
/*!40000 ALTER TABLE `sd_shop` ENABLE KEYS */;
UNLOCK TABLES;

--
-- Table structure for table `sd_shop_cat`
--

DROP TABLE IF EXISTS `sd_shop_cat`;
/*!40101 SET @saved_cs_client     = @@character_set_client */;
/*!40101 SET character_set_client = utf8 */;
CREATE TABLE `sd_shop_cat` (
  `id` int(8) NOT NULL AUTO_INCREMENT,
  `name` varchar(150) DEFAULT NULL COMMENT '类目名称',
  `day_num` int(10) DEFAULT NULL COMMENT '分类天数限制',
  PRIMARY KEY (`id`)
) ENGINE=InnoDB AUTO_INCREMENT=107 DEFAULT CHARSET=utf8 COMMENT='店铺类目表';
/*!40101 SET character_set_client = @saved_cs_client */;

--
-- Dumping data for table `sd_shop_cat`
--

LOCK TABLES `sd_shop_cat` WRITE;
/*!40000 ALTER TABLE `sd_shop_cat` DISABLE KEYS */;
INSERT INTO `sd_shop_cat` VALUES (1,'3C数码配件',14),(2,'MP3/MP4/iPod/录音笔',14),(3,'ZIPPO/瑞士军刀/眼镜',16),(4,'办公设备/耗材/相关服务',18),(5,'保健品/膳食营养补充食品',14),(6,'本地化生活服务',14),(7,'笔记本电脑',30),(8,'彩妆/香水/美妆工具',15),(9,'餐饮具',15),(10,'餐饮美食',15),(11,'茶/咖啡/冲饮',14),(12,'超市卡/商场购物卡',15),(13,'成人用品/避孕/计生用品',15),(14,'宠物/宠物食品及用品',15),(15,'厨房/烹饪用具',20),(16,'厨房电器',25),(17,'传统滋补营养品',18),(18,'床上用品',30),(19,'大家电',25),(20,'电脑硬件/显示器/电脑周边',20),(21,'电玩/配件/游戏/攻略',20),(22,'电影/演出/体育赛事',5),(23,'电子/电工',20),(24,'电子词典/电纸书/文化用品',10),(25,'度假线路/签证送关/旅游服务',8),(26,'服饰配件/皮带/帽子/围巾',14),(27,'服务市场',5),(28,'个人护理/保健/按摩器材',15),(29,'个性定制/设计服务/DIY',10),(30,'购物提货券/蛋糕面包',7),(31,'古董/邮币/字画/收藏',20),(32,'国货精品数码',20),(33,'国内机票/国际机票/增值服务',5),(34,'户外/登山/野营/旅行用品',20),(35,'基础建材',16),(36,'家居饰品',15),(37,'家庭/个人清洁工具',10),(38,'家庭主材',10),(39,'交通票',5),(40,'教育培训',10),(41,'节庆用品/礼品',15),(42,'景点门票/实景演出/主题乐园',10),(43,'酒类',10),(44,'居家布艺',10),(45,'居家用品',10),(46,'粮油米面/南北干货/调味品',5),(47,'零食/坚果/特产',10),(48,'流行男鞋',8),(49,'美发护发/假发',11),(50,'美容护肤/美体/精油',11),(51,'摩托车/电动车/装备/配件',20),(52,'奶粉/辅食/营养品/零食',15),(53,'男装',5),(54,'尿片/洗护/喂哺/推车床',10),(55,'女士内衣/男士内衣/家居服',10),(56,'女鞋',5),(57,'女装/女士精品',15),(58,'平板电脑/MID',30),(59,'其他',19),(60,'汽车/用品/配件/改装',20),(61,'闪存卡/U盘/存储/移动硬盘',10),(62,'商业/办公家具',30),(63,'摄影/摄像服务',10),(64,'生活电器',18),(65,'饰品/流行首饰/时尚饰品新',10),(66,'收纳整理',10),(67,'手表',19),(68,'手机',30),(69,'手机号码/套餐/增值服务',10),(70,'书籍/杂志/报纸',8),(71,'数码相机/单反相机/摄像机',20),(72,'水产肉类/新鲜蔬果/熟食',5),(73,'台式机/一体机/服务器',30),(74,'淘女郎',10),(75,'特价酒店/特色客栈/公寓旅馆',20),(76,'特色手工艺',10),(77,'腾讯QQ专区',5),(78,'童鞋/亲子鞋',10),(79,'童装/亲子装',10),(80,'玩具/模型/动漫/早教/益智',10),(81,'网店/网络服务/软件',10),(82,'网络店铺代金/优惠券',10),(83,'网络设备/网络相关',10),(84,'网络游戏点卡',10),(85,'网络装备/游戏币/账号/代练',10),(86,'五金/工具',20),(87,'洗护清洁剂/卫生巾/纸/香薰',15),(88,'鲜花速递/花卉仿真/绿植园艺',15),(89,'箱包皮具/热销女包/男包',10),(90,'新车/二手车',20),(91,'休闲娱乐',11),(92,'移动/联通/电信充值中心',15),(93,'音乐/影视/明星/音像',10),(94,'乐器/吉他/钢琴/配件',19),(95,'影音电器',20),(96,'游戏物品交易平台',10),(97,'孕妇装/孕产妇用品/营养',10),(98,'运动/瑜伽/健身/球迷用品',10),(99,'运动包/户外包/配件',15),(100,'运动服/休闲服装',10),(101,'运动鞋new',8),(102,'珠宝/钻石/翡翠/黄金',20),(103,'住宅家居',25),(104,'装修设计/施工/监理',25),(105,'资产',10),(106,'自行车/骑行装备/零配件',20);
/*!40000 ALTER TABLE `sd_shop_cat` ENABLE KEYS */;
UNLOCK TABLES;

--
-- Table structure for table `sd_system_config`
--

DROP TABLE IF EXISTS `sd_system_config`;
/*!40101 SET @saved_cs_client     = @@character_set_client */;
/*!40101 SET character_set_client = utf8 */;
CREATE TABLE `sd_system_config` (
  `id` int(11) NOT NULL AUTO_INCREMENT COMMENT '表id',
  `edit_name_time` int(5) DEFAULT NULL COMMENT '业务端修改会员名及差价时间 小时',
  `template` tinyint(4) DEFAULT '1' COMMENT '业务前端风格',
  `task_unite` tinyint(4) NOT NULL DEFAULT '5' COMMENT '任务合一数',
  `task_max_money` int(10) DEFAULT NULL COMMENT '任务组合总金额上限',
  `is_goods_code` tinyint(1) DEFAULT '0' COMMENT '商品是否开启二维码搜索 0否 1是',
  `month_cash_num` int(5) DEFAULT NULL COMMENT '每月提现次数',
  `day_cash_num` int(5) DEFAULT NULL COMMENT '每天提现次数',
  `is_invite` tinyint(1) DEFAULT '0' COMMENT '是否开启邀请注册 0否 1是',
  `invite_time` int(5) DEFAULT '1' COMMENT '邀请链接失效时间 默认1小时',
  `user_comment_money` int(5) DEFAULT NULL COMMENT '指定好评刷手佣金',
  `seller_comment_money` int(5) DEFAULT NULL COMMENT '指定好评商家佣金',
  PRIMARY KEY (`id`)
) ENGINE=InnoDB AUTO_INCREMENT=2 DEFAULT CHARSET=utf8 COMMENT='系统配置表';
/*!40101 SET character_set_client = @saved_cs_client */;

--
-- Dumping data for table `sd_system_config`
--

LOCK TABLES `sd_system_config` WRITE;
/*!40000 ALTER TABLE `sd_system_config` DISABLE KEYS */;
INSERT INTO `sd_system_config` VALUES (1,3,1,9,1111,1,111,12,1,1,2,3);
/*!40000 ALTER TABLE `sd_system_config` ENABLE KEYS */;
UNLOCK TABLES;

--
-- Table structure for table `sd_system_rule`
--

DROP TABLE IF EXISTS `sd_system_rule`;
/*!40101 SET @saved_cs_client     = @@character_set_client */;
/*!40101 SET character_set_client = utf8 */;
CREATE TABLE `sd_system_rule` (
  `id` int(11) NOT NULL AUTO_INCREMENT COMMENT '表id',
  `type` tinyint(4) DEFAULT '1' COMMENT '类型 1菜单 2按钮',
  `name` varchar(50) NOT NULL COMMENT '名称',
  `icon` varchar(50) NOT NULL COMMENT '字体样式',
  `pid` int(10) DEFAULT '0' COMMENT '父级类目',
  `link` varchar(50) NOT NULL COMMENT '链接地址',
  `sort` int(10) DEFAULT '50' COMMENT '排序',
  `status` tinyint(1) DEFAULT '0' COMMENT '是否启用 0否 1是',
  `spread` tinyint(1) DEFAULT '0' COMMENT '是否展开 0否 1是',
  `create_time` int(10) DEFAULT '0' COMMENT '添加时间',
  PRIMARY KEY (`id`)
) ENGINE=InnoDB AUTO_INCREMENT=53 DEFAULT CHARSET=utf8 COMMENT='系统权限规则表';
/*!40101 SET character_set_client = @saved_cs_client */;

--
-- Dumping data for table `sd_system_rule`
--

LOCK TABLES `sd_system_rule` WRITE;
/*!40000 ALTER TABLE `sd_system_rule` DISABLE KEYS */;
INSERT INTO `sd_system_rule` VALUES (1,1,'主页','layui-icon-home',0,'Index/index',100,1,1,1573285000),(2,1,'系统公告','',1,'Message/msgList',46,1,0,1573285975),(3,1,'系统设置','',1,'System/configEdit',44,1,0,1573286113),(4,1,'店铺类别','',1,'System/shopCate',10,1,0,1573286296),(5,1,'商家管理','layui-icon-component',0,'Seller/index',70,1,0,1573287820),(6,1,'商家列表','',5,'Seller/sellerList',50,1,0,1573288069),(7,1,'佣金规则','',1,'System/Commission',50,1,0,1573288186),(8,1,'计划管理','layui-icon-template',0,'Plan/index',95,1,0,1573288348),(9,1,'计划列表','',8,'Plan/planList',50,1,0,1573288452),(10,1,'计划统计','',8,'Plan/planTotal',50,1,0,1573288532),(11,1,'任务管理','layui-icon-senior',0,'Task/index',90,1,0,1573288607),(12,1,'任务列表','',11,'Task/taskList',50,1,0,1573288630),(13,1,'工单管理','layui-icon-set',0,'WorkOrder/index',30,1,0,1573288733),(14,1,'工单列表','',13,'WorkOrder/index',50,1,0,1573288762),(15,1,'联盟管理','layui-icon-user',0,'Manager/index',80,1,0,1573288852),(16,1,'管理员列表','',15,'Manager/adminList',50,1,0,1573288938),(17,1,'用户组管理','',15,'Manager/groupList',50,1,0,1573289111),(18,1,'店铺列表','',5,'Seller/shopList',50,1,0,1573289229),(19,1,'充值列表','',5,'Seller/rechargeList',50,1,0,1573289267),(20,1,'团长/业务员管理','layui-icon-user',0,'Member/index',60,1,0,1573289450),(21,1,'团长列表','',20,'Member/tuanList',50,1,0,1573289515),(22,1,'业务员列表','',20,'Member/userList',50,1,0,1573289548),(23,1,'资金明细','',20,'Member/accountList',50,1,0,1573289588),(24,1,'财务管理','',0,'Money/index',50,1,0,1573289719),(25,1,'资金流水','',24,'Money/moneyList',50,1,0,1573289741),(26,1,'应收店铺账目','',24,'Money/shopAccount',50,1,0,1573289822),(27,1,'应该业务员账目','',24,'Money/userAccount',50,1,0,1573289847),(28,2,'添加/编辑管理员','',16,'Manager/adminEdit',50,1,0,1574314806),(29,2,'添加/编辑用户组','',17,'Manager/groupEdit',50,1,0,1574314856),(30,2,'添加/编辑商家','',6,'Seller/sellerEdit',50,1,0,1574314910),(31,2,'添加/编辑公告','',2,'Message/msgEdit',50,1,0,1574314990),(32,2,'删除公告','',2,'Message/msgDel',50,1,0,1574315034),(33,2,'查看公告','',2,'Message/msgView',50,1,0,1574315065),(34,2,'公告标记','',2,'Message/setMsgStatus',50,1,0,1574315102),(35,2,'删除商家','',6,'Seller/sellerDel',50,1,0,1574315163),(36,2,'店铺编辑','',18,'Seller/shopEdit',50,1,0,1574315209),(37,2,'充值编辑','',19,'Seller/rechargeEdit',50,1,0,1574315270),(38,2,'工单编辑','',14,'WorkOrder/wordEdit',50,1,0,1574315310),(39,2,'添加/编辑业务员','',22,'Member/userEdit',50,1,0,1574315380),(40,2,'删除管理员','',16,'Manager/adminDel',50,1,0,1574315441),(41,2,'删除用户组','',17,'Manager/groupDel',50,1,0,1574315811),(42,1,'权限管理','layui-icon-auz',0,'System/ruleList',10,1,0,1574315862),(43,2,'添加/编辑权限','',42,'System/ruleEdit',50,1,0,1574315905),(44,2,'删除权限','',42,'System/ruleDel',50,1,0,1574316076),(45,1,'权限列表','',42,'System/ruleList',50,1,0,1574318325),(46,1,'充值列表','',24,'Money/rechargeList',51,1,0,1574322702),(47,2,'新增充值','',46,'Money/rechargeEdit',50,1,0,1574322759),(48,1,'生成任务单','',48,'Task/createTask',50,1,1,1574387338),(49,1,'编辑计划','',9,'Plan/planEdit',50,1,0,1575257773),(50,1,'审核计划','',9,'Plan/planVerify',50,1,0,1575257807),(51,1,'取消计划','',9,'Plan/planCancel',50,1,0,1575257832),(52,1,'分配任务','',11,'Task/createTask',50,1,0,1603956039);
/*!40000 ALTER TABLE `sd_system_rule` ENABLE KEYS */;
UNLOCK TABLES;

--
-- Table structure for table `sd_task`
--

DROP TABLE IF EXISTS `sd_task`;
/*!40101 SET @saved_cs_client     = @@character_set_client */;
/*!40101 SET character_set_client = utf8 */;
CREATE TABLE `sd_task` (
  `id` int(11) NOT NULL AUTO_INCREMENT,
  `task_sn` varchar(50) DEFAULT NULL COMMENT '任务编号',
  `superior_id` int(10) DEFAULT '0' COMMENT '负责人ID',
  `superior_name` varchar(50) DEFAULT NULL COMMENT '负责人名称',
  `tuan_user_id` int(10) DEFAULT NULL COMMENT '团队负责人ID',
  `tuan_user_name` varchar(50) DEFAULT NULL COMMENT '团队负责人名称',
  `user_id` int(10) DEFAULT NULL COMMENT '执行人业务员ID',
  `user_name` varchar(50) DEFAULT NULL COMMENT '执行人业务员名称',
  `city` varchar(50) DEFAULT NULL COMMENT '任务区域',
  `total_price` decimal(10,2) DEFAULT NULL COMMENT '任务金额',
  `down_price` decimal(10,2) DEFAULT '0.00' COMMENT '实际任务金额',
  `gain_money_total` decimal(10,2) DEFAULT '0.00' COMMENT '任务佣金金额',
  `actual_money_total` decimal(10,2) DEFAULT '0.00' COMMENT '实际任务佣金金额',
  `create_time` int(10) DEFAULT NULL COMMENT '创建时间',
  `update_time` int(10) DEFAULT NULL COMMENT '更新时间',
  `remarks` varchar(255) DEFAULT NULL COMMENT '任务备注',
  `status` tinyint(4) NOT NULL DEFAULT '0' COMMENT '状态 1正在进行 2已提交 3审核不通过 4已完成 5已撤消',
  PRIMARY KEY (`id`),
  UNIQUE KEY `task_sn` (`task_sn`),
  KEY `user_id` (`user_id`),
  KEY `superior_id` (`superior_id`),
  KEY `status` (`status`)
) ENGINE=InnoDB AUTO_INCREMENT=41 DEFAULT CHARSET=utf8 COMMENT='任务表';
/*!40101 SET character_set_client = @saved_cs_client */;

--
-- Dumping data for table `sd_task`
--

LOCK TABLES `sd_task` WRITE;
/*!40000 ALTER TABLE `sd_task` DISABLE KEYS */;
INSERT INTO `sd_task` VALUES (1,'sn20191127160152977294',1,'admin',5,'陈小婷',5,'陈小婷','350200',4392.00,4392.00,5.00,5.00,1574841712,NULL,'',5),(2,'sn20191127160152881896',1,'admin',6,'李想想',6,'李想想','130200',7636.00,7636.00,5.00,5.00,1574841712,NULL,'',5),(3,'sn20191127160152424682',1,'admin',1,'黄小新',1,'黄小新','350200',7322.00,7322.00,5.00,10.00,1574841712,NULL,NULL,4),(4,'sn20191127160152552947',1,'admin',2,'李军军',2,'李军军','350100',9398.00,9398.00,5.00,5.00,1574841712,NULL,'',5),(5,'sn20191127160152846679',1,'admin',3,'陈好好',3,'陈好好','350400',9643.00,9643.00,5.00,5.00,1574841712,NULL,'',5),(6,'sn20191127160152577087',1,'admin',3,'陈好好',4,'陈雪','350600',15125.00,15125.00,5.00,5.00,1574841712,NULL,'',5),(7,'sn20191127160154836639',1,'admin',5,'陈小婷',5,'陈小婷','350200',13643.00,13643.00,5.00,5.00,1574841714,NULL,'',5),(8,'sn20191127160154151855',1,'admin',6,'李想想',6,'李想想','130200',8028.00,8028.00,5.00,5.00,1574841714,NULL,'',5),(9,'sn20191127160154157562',1,'admin',1,'黄小新',1,'黄小新','350200',5413.00,5413.00,5.00,5.00,1574841714,1575012787,'',5),(10,'sn20191127160154682525',1,'admin',2,'李军军',2,'李军军','350100',9447.00,9447.00,5.00,5.00,1574841714,NULL,'',5),(11,'sn20191127160154125915',1,'admin',3,'陈好好',3,'陈好好','350400',5874.00,5874.00,5.00,5.00,1574841714,NULL,'',5),(12,'sn20191127160154126281',1,'admin',3,'陈好好',4,'陈雪','350600',6070.00,6070.00,5.00,5.00,1574841714,NULL,'',5),(13,'sn20191127160154876831',1,'admin',5,'陈小婷',5,'陈小婷','350200',9329.00,9329.00,5.00,5.00,1574841714,NULL,'',5),(14,'sn20191127160154657470',1,'admin',6,'李想想',6,'李想想','130200',7587.00,7587.00,5.00,5.00,1574841714,NULL,'',5),(15,'sn2019112716015484594',1,'admin',1,'黄小新',1,'黄小新','350200',5462.00,5462.00,5.00,5.00,1574841714,1575248134,'',5),(16,'sn20191127160154998138',1,'admin',2,'李军军',2,'李军军','350100',13510.00,13510.00,5.00,5.00,1574841714,NULL,'',5),(17,'sn20191127160154589630',1,'admin',3,'陈好好',3,'陈好好','350400',7930.00,7930.00,5.00,5.00,1574841714,NULL,'',5),(18,'sn20191127160154209289',1,'admin',3,'陈好好',4,'陈雪','350600',5972.00,5972.00,5.00,5.00,1574841714,NULL,'',5),(19,'sn20191127160155557769',1,'admin',5,'陈小婷',5,'陈小婷','350200',7371.00,7371.00,5.00,5.00,1574841715,NULL,'',5),(20,'sn20191127160155611572',1,'admin',6,'李想想',6,'李想想','130200',13265.00,13265.00,5.00,5.00,1574841715,NULL,'',5),(21,'sn20191127160155756072',1,'admin',1,'黄小新',1,'黄小新','350200',6154.00,6154.00,5.00,5.00,1574841715,NULL,'',5),(22,'sn20191127160155985260',1,'admin',2,'李军军',2,'李军军','350100',9741.00,9741.00,5.00,5.00,1574841715,NULL,'',5),(23,'sn20191127160155742950',1,'admin',3,'陈好好',3,'陈好好','350400',7734.00,7734.00,5.00,5.00,1574841715,NULL,'',5),(24,'sn20191127160155504272',1,'admin',3,'陈好好',4,'陈雪','350600',7783.00,7783.00,5.00,5.00,1574841715,NULL,'',5),(25,'sn20191127160155901275',1,'admin',5,'陈小婷',5,'陈小婷','350200',9329.00,9329.00,5.00,5.00,1574841715,NULL,'',5),(26,'sn20191127160155700286',1,'admin',6,'李想想',6,'李想想','130200',11650.00,11650.00,5.00,5.00,1574841715,NULL,'',5),(27,'sn20191127160155815216',1,'admin',1,'黄小新',1,'黄小新','350200',6532.00,6532.00,5.00,5.00,1574841715,NULL,'',5),(28,'sn20191127160155851531',1,'admin',2,'李军军',2,'李军军','350100',13167.00,13167.00,5.00,5.00,1574841715,NULL,'',5),(29,'sn20191127160155560302',1,'admin',3,'陈好好',3,'陈好好','350400',2301.00,2301.00,5.00,5.00,1574841715,NULL,'',5),(30,'sn20191127160155976287',1,'admin',3,'陈好好',4,'陈雪','350600',9594.00,9594.00,5.00,5.00,1574841715,NULL,'',5),(31,'sn20191127160156563629',1,'admin',5,'陈小婷',5,'陈小婷','350200',5840.00,5840.00,5.00,5.00,1574841716,NULL,'',5),(32,'sn20191127160156872406',1,'admin',6,'李想想',6,'李想想','130200',4014.00,4014.00,5.00,5.00,1574841716,NULL,'',5),(33,'sn20191127160156715057',1,'admin',1,'黄小新',1,'黄小新','350200',5840.00,5840.00,5.00,5.00,1574841716,NULL,'',5),(34,'sn20191127160156678619',1,'admin',2,'李军军',2,'李军军','350100',5874.00,5874.00,5.00,5.00,1574841716,NULL,NULL,4),(35,'sn20191127160156321380',1,'admin',3,'陈好好',3,'陈好好','350400',8077.00,8077.00,5.00,5.00,1574841716,NULL,'任务没有完成，账号不正常。',5),(36,'sn2019112716015630059',1,'admin',3,'陈好好',4,'陈雪','350600',7979.00,7979.00,5.00,5.00,1574841716,NULL,NULL,5),(37,'sn20191127160156886383',1,'admin',5,'陈小婷',5,'陈小婷','350200',5840.00,5840.00,5.00,5.00,1574841716,NULL,NULL,4),(38,'sn20191127160156590576',1,'admin',6,'李想想',6,'李想想','350400',9496.00,9496.00,5.00,5.00,1574841716,NULL,NULL,4),(39,'sn2019112716015661218',1,'admin',1,'黄小新',1,'黄小新','350200',5840.00,5840.00,5.00,47.00,1574841716,NULL,NULL,4),(40,'sn20191127160156704498',1,'admin',2,'李军军',2,'李军军','350400',4112.00,4112.00,5.00,5.00,1574841716,NULL,NULL,4);
/*!40000 ALTER TABLE `sd_task` ENABLE KEYS */;
UNLOCK TABLES;

--
-- Table structure for table `sd_task_pic`
--

DROP TABLE IF EXISTS `sd_task_pic`;
/*!40101 SET @saved_cs_client     = @@character_set_client */;
/*!40101 SET character_set_client = utf8 */;
CREATE TABLE `sd_task_pic` (
  `id` int(11) NOT NULL AUTO_INCREMENT COMMENT '表ID',
  `task_id` int(11) NOT NULL COMMENT '任务ID',
  `pic` varchar(255) NOT NULL COMMENT '图片地址',
  `is_main` tinyint(1) DEFAULT '0' COMMENT '是否主图',
  PRIMARY KEY (`id`),
  KEY `task_id` (`task_id`)
) ENGINE=InnoDB AUTO_INCREMENT=21 DEFAULT CHARSET=utf8 COMMENT='任务图片表';
/*!40101 SET character_set_client = @saved_cs_client */;

--
-- Dumping data for table `sd_task_pic`
--

LOCK TABLES `sd_task_pic` WRITE;
/*!40000 ALTER TABLE `sd_task_pic` DISABLE KEYS */;
INSERT INTO `sd_task_pic` VALUES (8,9,'/uploads/task_order/20191129/a0d20668b0259355e3dfe33a90c003d5.jpg',1),(9,9,'/uploads/task_order/20191129/5e6fee632c1357619487b9674f8e9e4f.jpg',0),(10,9,'/uploads/task_order/20191129/ff0eaed7e16b860b52d8044cf7dde9f5.jpg',0),(11,9,'/uploads/task_order/20191129/f98201d9a9f8b77d227a5d67ee3b6624.jpg',0),(12,9,'/uploads/task_order/20191129/23457bd0e7161bceaf40d91fa33f6a67.jpg',0),(13,9,'/uploads/task_order/20191129/826e886e88ed686f29bfce1c35ed55f1.jpg',0),(14,9,'/uploads/task_order/20191129/3f8dfd9eeb6a4bc40437c75858d0175d.jpg',0),(15,9,'/uploads/task_order/20191129/b406a3bc2ef356dfcb829792e910d695.jpg',0),(16,15,'/uploads/task_order/20191202/2de218854007203cb3f1a421534a018e.jpg',1),(17,15,'/uploads/task_order/20191202/d9a7a37457fa1abecbf5d09fbb0e3266.jpg',0),(18,15,'/uploads/task_order/20191202/4797d6010d7a8071ef794efc2a7e7430.jpg',0),(19,15,'/uploads/task_order/20191202/0105422e66b6d6100d3ad449fce57233.jpg',0),(20,15,'/uploads/task_order/20191202/2c314f345edbab8e3a7a7ec482aa4df5.jpg',0);
/*!40000 ALTER TABLE `sd_task_pic` ENABLE KEYS */;
UNLOCK TABLES;

--
-- Table structure for table `sd_tpl`
--

DROP TABLE IF EXISTS `sd_tpl`;
/*!40101 SET @saved_cs_client     = @@character_set_client */;
/*!40101 SET character_set_client = utf8 */;
CREATE TABLE `sd_tpl` (
  `id` mediumint(8) NOT NULL AUTO_INCREMENT,
  `seller_id` int(10) DEFAULT NULL COMMENT '商家ID',
  `superior_id` int(10) NOT NULL DEFAULT '0' COMMENT '联盟用户ID',
  `superior_name` varchar(50) DEFAULT NULL COMMENT '联盟用户名称',
  `shop_id` int(11) DEFAULT NULL COMMENT '店铺ID',
  `shop_name` varchar(100) DEFAULT NULL COMMENT '店铺名称',
  `shop_cat_id` int(10) DEFAULT NULL COMMENT '店铺分类ID',
  `shop_cat_name` varchar(50) DEFAULT NULL COMMENT '店铺分类名称',
  `goods_url` varchar(255) DEFAULT NULL COMMENT '商品链接',
  `goods_pic` varchar(255) DEFAULT NULL COMMENT '商品主图',
  `goods_thumb` varchar(255) DEFAULT NULL COMMENT '商品缩列图',
  `goods_id` varchar(255) DEFAULT NULL COMMENT '宝贝ID',
  `goods_name` varchar(255) DEFAULT NULL COMMENT '宝贝标题',
  `goods_price` decimal(10,2) DEFAULT NULL COMMENT '宝贝价格',
  `kf_price` decimal(10,2) DEFAULT NULL COMMENT '客服改价',
  `keyword` varchar(255) DEFAULT NULL COMMENT '关键字',
  `sort_type` tinyint(4) DEFAULT '0' COMMENT '1 综合 2人气 3销量',
  `sort_min` int(10) DEFAULT NULL COMMENT '排名区间  最小值',
  `sort_max` int(10) DEFAULT NULL COMMENT '排名区间  最大值',
  `view_time` tinyint(4) DEFAULT '0' COMMENT '浏览时间',
  `address` varchar(255) DEFAULT NULL COMMENT '地区',
  `province` varchar(50) DEFAULT NULL COMMENT '省份',
  `city` varchar(50) DEFAULT NULL COMMENT '城市',
  `price_min` int(10) DEFAULT NULL COMMENT '价格区间  最小值',
  `price_max` int(10) DEFAULT NULL COMMENT '价格区间  最大值',
  `remarks` varchar(255) DEFAULT NULL COMMENT '其他要求',
  `create_time` int(10) DEFAULT NULL COMMENT '创建时间',
  `update_time` int(10) DEFAULT NULL COMMENT '更新时间',
  `delete_time` int(10) DEFAULT NULL COMMENT '删除时间',
  PRIMARY KEY (`id`),
  KEY `seller_id` (`seller_id`)
) ENGINE=InnoDB AUTO_INCREMENT=9 DEFAULT CHARSET=utf8 COMMENT='模板表';
/*!40101 SET character_set_client = @saved_cs_client */;

--
-- Dumping data for table `sd_tpl`
--

LOCK TABLES `sd_tpl` WRITE;
/*!40000 ALTER TABLE `sd_tpl` DISABLE KEYS */;
INSERT INTO `sd_tpl` VALUES (3,2,1,'admin',3,'东东数码旗舰店',1,'3C数码配件','www.taobao.com','/uploads/20191122/9ba3e8762f6064040376f890fc9e6987.jpg','/uploads/20191122/9ba3e8762f6064040376f890fc9e6987.jpg','234123512431243','索尼（SONY）PS4 Pro PlayStation国行游戏机 1TB主机',1860.00,NULL,NULL,1,1,100,0,'','','',0,0,'搜索指定关键词，同关键词3个类似宝贝价格相近浏览3款，每款浏览1-2分钟；找到主宝贝浏览2-3分钟，店内看2-3款副宝贝，每款浏览1-2分钟。',1574393472,1574929712,NULL),(4,2,1,'admin',4,'东东2号店铺',2,'MP3/MP4/iPod/录音笔','www.taobao.com','/uploads/20191126/506ba56afb900957ffb04c269c2904d6.jpg','/uploads/20191126/506ba56afb900957ffb04c269c2904d6.jpg','2432142346655657','2019新款小高领双面金丝绒加厚保暖高领大码修身打底衫',49.00,NULL,NULL,0,1,100,0,'','','',0,0,'搜索指定关键词，同关键词3个类似宝贝价格相近浏览3款，每款浏览1-2分钟；找到主宝贝浏览2-3分钟，店内看2-3款副宝贝，每款浏览1-2分钟。',1574410950,1574817099,NULL),(5,2,1,'admin',5,'东东3号店铺',4,'办公设备/耗材/相关服务','www.taobao.com','/uploads/20191127/8ef58879cd94ec31ed6520d451799cd3.jpg','/uploads/20191127/8ef58879cd94ec31ed6520d451799cd3.jpg','342425457574563','2019天梭机械手表',1168.00,NULL,NULL,0,1,100,0,'','','',0,0,'搜索指定关键词，同关键词3个类似宝贝价格相近浏览3款，每款浏览1-2分钟；找到主宝贝浏览2-3分钟，店内看2-3款副宝贝，每款浏览1-2分钟。',1574410972,1574816931,NULL),(6,2,1,'admin',6,'东东4号店铺',14,'宠物/宠物食品及用品',NULL,'/uploads/20191122/feddda115857be749edb7ceb2024572a.jpg','/uploads/20191122/feddda115857be749edb7ceb2024572a.jpg','2645707685674','东东4号店铺的商品标题',87.00,NULL,NULL,0,1,100,0,'','350000','350400',0,0,'搜索指定关键词，同关键词3个类似宝贝价格相近浏览3款，每款浏览1-2分钟；找到主宝贝浏览2-3分钟，店内看2-3款副宝贝，每款浏览1-2分钟。',1574411001,1574669119,NULL),(7,3,3,'lishishi',7,'思1号店铺',1,'3C数码配件','www.taobao.com','/uploads/20191202/06346c7cf97adaf82eb7def8f3daf0d7.jpeg','/uploads/20191202/06346c7cf97adaf82eb7def8f3daf0d7.jpeg','2341251243125','苹果手机 APPLE 11 PRO MAX ',8868.00,NULL,NULL,1,1,100,0,NULL,'','',0,0,'搜索指定关键词，同关键词3个类似宝贝价格相近浏览3款，每款浏览1-2分钟；找到主宝贝浏览2-3分钟，店内看2-3款副宝贝，每款浏览1-2分钟。',1575254056,NULL,NULL),(8,1,1,'admin',8,'迪士尼宝宝正品',97,'孕妇装/孕产妇用品/营养','https://item.taobao.com/item.htm?spm=a1z10.5-c.w4023-14755065416.4.ecea26ccgWan3J&id=','/uploads/20200225/876f401f3bfbe71ffb7a0c1b4ccdfa01.jpg','/uploads/20200225/876f401f3bfbe71ffb7a0c1b4ccdfa01.jpg','44514218657','迪士尼奶嘴奶瓶通用贝亲宽口径宝宝奶嘴/S/M/L婴儿硅胶仿真奶嘴',34.00,NULL,NULL,1,1,100,5,NULL,'440000','440100',20,50,'搜索指定关键词，同关键词3个类似宝贝价格相近浏览3款，每款浏览1-2分钟；找到主宝贝浏览2-3分钟，店内看2-3款副宝贝，每款浏览1-2分钟。',1582623003,1582772165,NULL);
/*!40000 ALTER TABLE `sd_tpl` ENABLE KEYS */;
UNLOCK TABLES;

--
-- Table structure for table `sd_tpl_keyword`
--

DROP TABLE IF EXISTS `sd_tpl_keyword`;
/*!40101 SET @saved_cs_client     = @@character_set_client */;
/*!40101 SET character_set_client = utf8 */;
CREATE TABLE `sd_tpl_keyword` (
  `id` mediumint(8) NOT NULL AUTO_INCREMENT,
  `tpl_id` int(10) DEFAULT NULL COMMENT '模板ID',
  `name` varchar(255) DEFAULT NULL COMMENT '关键字',
  `create_time` int(10) DEFAULT NULL COMMENT '创建时间',
  PRIMARY KEY (`id`),
  KEY `tpl_id` (`tpl_id`)
) ENGINE=InnoDB AUTO_INCREMENT=54 DEFAULT CHARSET=utf8 COMMENT='模板关键字表';
/*!40101 SET character_set_client = @saved_cs_client */;

--
-- Dumping data for table `sd_tpl_keyword`
--

LOCK TABLES `sd_tpl_keyword` WRITE;
/*!40000 ALTER TABLE `sd_tpl_keyword` DISABLE KEYS */;
INSERT INTO `sd_tpl_keyword` VALUES (19,2,'苹果数据线11',1574303330),(20,2,'数据线22',1574303330),(21,1,'苹果数据线11',1574325392),(22,1,'数据线22',1574325392),(30,6,'要在一上的',1574669119),(31,6,'不主一是',1574669119),(37,5,'天梭手表',1574816931),(38,5,'机械手表',1574816931),(39,5,'天梭机械手表',1574816931),(40,4,'打底衫',1574817099),(41,4,'加绒打底衫',1574817099),(42,4,'高领打底衫',1574817099),(43,4,'修身打底衫',1574817099),(44,3,'索尼游戏机',1574929712),(45,3,'索尼PS4',1574929712),(46,3,'索尼国行游戏机',1574929712),(47,7,'苹果手机',1575254056),(48,7,'智能手机',1575254056),(49,7,'APPLE PHONE',1575254056),(50,7,'APPLE 11 PRO',1575254056),(51,7,'APPLE 11 PRO MAX',1575254056),(53,8,'迪士尼奶嘴奶瓶通用贝亲宽口径宝宝奶嘴/S/M/L婴儿硅胶仿真奶嘴',1582772165);
/*!40000 ALTER TABLE `sd_tpl_keyword` ENABLE KEYS */;
UNLOCK TABLES;

--
-- Table structure for table `sd_user_account`
--

DROP TABLE IF EXISTS `sd_user_account`;
/*!40101 SET @saved_cs_client     = @@character_set_client */;
/*!40101 SET character_set_client = utf8 */;
CREATE TABLE `sd_user_account` (
  `id` mediumint(8) unsigned NOT NULL AUTO_INCREMENT COMMENT '日志id',
  `user_id` mediumint(8) unsigned NOT NULL COMMENT '用户ID',
  `mobile` varchar(20) DEFAULT NULL COMMENT '用户手机号',
  `superior_id` int(10) DEFAULT '0' COMMENT '上级联盟ID',
  `old_money` decimal(10,2) NOT NULL DEFAULT '0.00' COMMENT '原来金额',
  `exc_money` decimal(10,2) NOT NULL DEFAULT '0.00' COMMENT '操作金额',
  `user_money` decimal(10,2) NOT NULL DEFAULT '0.00' COMMENT '变更后金额',
  `desc` varchar(255) NOT NULL COMMENT '描述',
  `type` tinyint(4) DEFAULT '1' COMMENT '1 做任务  2提现',
  `operate` tinyint(1) NOT NULL DEFAULT '1' COMMENT '操作类型 1增加 2减少',
  `create_time` int(10) unsigned NOT NULL COMMENT '变动时间',
  `delete_time` int(10) DEFAULT NULL,
  PRIMARY KEY (`id`),
  KEY `user_id` (`user_id`),
  KEY `superior_id` (`superior_id`)
) ENGINE=InnoDB DEFAULT CHARSET=utf8 COMMENT='用户资金变动表';
/*!40101 SET character_set_client = @saved_cs_client */;

--
-- Dumping data for table `sd_user_account`
--

LOCK TABLES `sd_user_account` WRITE;
/*!40000 ALTER TABLE `sd_user_account` DISABLE KEYS */;
/*!40000 ALTER TABLE `sd_user_account` ENABLE KEYS */;
UNLOCK TABLES;

--
-- Table structure for table `sd_users`
--

DROP TABLE IF EXISTS `sd_users`;
/*!40101 SET @saved_cs_client     = @@character_set_client */;
/*!40101 SET character_set_client = utf8 */;
CREATE TABLE `sd_users` (
  `id` int(11) unsigned NOT NULL AUTO_INCREMENT COMMENT '表id',
  `mobile` varchar(20) NOT NULL COMMENT '手机号码',
  `real_name` varchar(60) NOT NULL DEFAULT '' COMMENT '真实姓名',
  `password` varchar(32) NOT NULL DEFAULT '' COMMENT '密码',
  `first_leader` int(10) DEFAULT '0' COMMENT '上级邀请人id',
  `superior_id` int(10) DEFAULT '0' COMMENT '上级联盟ID',
  `superior_name` varchar(50) DEFAULT NULL COMMENT '负责人名称',
  `sex` tinyint(1) unsigned NOT NULL DEFAULT '0' COMMENT '0 保密 1 男 2 女',
  `qq` varchar(30) DEFAULT NULL COMMENT 'QQ',
  `wechat` varchar(30) DEFAULT NULL COMMENT '微信',
  `user_money` decimal(10,2) NOT NULL DEFAULT '0.00' COMMENT '用户金额',
  `frozen_money` decimal(10,2) NOT NULL DEFAULT '0.00' COMMENT '冻结金额',
  `last_login` int(10) unsigned NOT NULL DEFAULT '0' COMMENT '最后登录时间',
  `last_ip` varchar(15) NOT NULL DEFAULT '' COMMENT '最后登录ip',
  `ship_addr` varchar(255) DEFAULT NULL COMMENT '收货地址',
  `tb_user` varchar(50) DEFAULT NULL COMMENT '淘宝账号',
  `tb_credit` int(10) DEFAULT NULL COMMENT '淘宝信用',
  `bank_name` varchar(50) DEFAULT NULL COMMENT '银行名称',
  `bank_number` varchar(50) DEFAULT NULL COMMENT '银行卡号',
  `bank_status` tinyint(1) DEFAULT '0' COMMENT '银行卡审核状态 0待提交 1待审核 2审核通过 3审核不通过',
  `bank_remark` varchar(255) DEFAULT NULL COMMENT '银卡审核备注',
  `front` varchar(255) DEFAULT NULL COMMENT '身份证正面',
  `reverse` varchar(255) DEFAULT NULL COMMENT '身份证反面',
  `pose` varchar(255) DEFAULT NULL COMMENT '个人自拍照',
  `card_status` tinyint(1) DEFAULT '0' COMMENT '身份证审核状态 0待提交 1待审核 2审核通过 3审核不通过',
  `card_no` varchar(50) DEFAULT NULL COMMENT '身份证号码',
  `card_remark` varchar(255) DEFAULT NULL COMMENT '身份证审核备注',
  `is_back` tinyint(4) DEFAULT '0' COMMENT '是否拉黑:0,正常；1：拉黑；',
  `status` tinyint(4) DEFAULT '0' COMMENT '0待审核 1审核通过 2不通过',
  `province` varchar(50) DEFAULT NULL COMMENT '省',
  `city` varchar(50) DEFAULT NULL COMMENT '市',
  `district` varchar(50) DEFAULT NULL COMMENT '乡',
  `address` varchar(255) DEFAULT NULL COMMENT '详细地址',
  `is_real` tinyint(4) DEFAULT '0' COMMENT '是否身份证认证',
  `is_bank` tinyint(4) DEFAULT '0' COMMENT '是否绑定银行卡',
  `password_str` varchar(255) DEFAULT NULL COMMENT '密码明文  本字段供管理员查看，不做登录验证',
  `users_remark` varchar(255) DEFAULT NULL COMMENT '刷手备注',
  `invite_day` int(10) DEFAULT '0' COMMENT '邀请链接失效天数 0调用默认系统设置',
  `invite_auth` tinyint(1) DEFAULT '1' COMMENT '0为禁用 1为开启',
  `user_type` tinyint(1) DEFAULT '1' COMMENT '1业务员 2团长',
  `max_task` tinyint(4) NOT NULL DEFAULT '5' COMMENT '最大接单量 任务数',
  `reward_money` decimal(10,2) DEFAULT '0.00' COMMENT '邀请奖励累计金额',
  `money_limit` int(11) DEFAULT '3000' COMMENT '进行中任务金额限制',
  `create_time` int(10) DEFAULT NULL COMMENT '创建时间',
  `update_time` int(10) DEFAULT NULL COMMENT '更新时间',
  `delete_time` int(10) DEFAULT NULL COMMENT '删除时间',
  PRIMARY KEY (`id`),
  UNIQUE KEY `mobile` (`mobile`),
  KEY `user_type` (`user_type`),
  KEY `first_leader` (`first_leader`),
  KEY `superior_id` (`superior_id`)
) ENGINE=InnoDB AUTO_INCREMENT=11 DEFAULT CHARSET=utf8 COMMENT='用户表';
/*!40101 SET character_set_client = @saved_cs_client */;

--
-- Dumping data for table `sd_users`
--

LOCK TABLES `sd_users` WRITE;
/*!40000 ALTER TABLE `sd_users` DISABLE KEYS */;
INSERT INTO `sd_users` VALUES (2,'18789085643','李军军','4250f2ad069c42d227e38603f42a1844',0,1,'admin',1,'123321','',10.00,0.00,0,'',NULL,'',0,'','',0,NULL,'','','',0,NULL,'',1,0,'350000','350100',NULL,NULL,0,0,NULL,'',0,0,1,5,0.00,0,1574665842,1582770986,NULL),(3,'17897845362','陈好好','4250f2ad069c42d227e38603f42a1844',0,1,'admin',0,'124444','',0.00,0.00,0,'',NULL,'',0,'','',0,NULL,'','','',0,NULL,'',1,0,'350000','350400',NULL,NULL,0,0,NULL,'',0,0,2,5,0.00,0,1574665877,1582770980,NULL),(4,'18722456783','陈雪','4250f2ad069c42d227e38603f42a1844',3,1,'admin',0,'12398765','',0.00,0.00,0,'',NULL,'',0,'','',0,NULL,'','','',0,NULL,'',1,0,'350000','350600',NULL,NULL,0,0,NULL,'',0,0,1,5,0.00,0,1574669611,1582770968,NULL),(5,'17839802908','陈小婷','4250f2ad069c42d227e38603f42a1844',0,1,'admin',0,'','',5.00,0.00,0,'',NULL,'',0,'','',0,NULL,'','','',0,NULL,'',1,0,'350000','350200',NULL,NULL,0,0,NULL,'',0,0,1,5,0.00,0,1574680046,1582770962,NULL),(6,'18259206866','李想想','4250f2ad069c42d227e38603f42a1844',0,1,'admin',0,'','',5.00,0.00,0,'',NULL,'',0,'工商银行','633324253754845635',2,NULL,'','','',2,NULL,'111',1,0,'130000','130200',NULL,NULL,0,0,NULL,'',0,0,1,5,0.00,0,1574756175,1582770955,NULL),(7,'12345678910','1111','4250f2ad069c42d227e38603f42a1844',0,1,'admin',0,'','',0.00,0.00,0,'',NULL,'',0,'','',0,NULL,'','','',0,NULL,'',1,0,'','',NULL,NULL,0,0,NULL,'',0,0,1,5,0.00,0,1576649336,1582770945,NULL),(8,'13822209082','唐伟','21a0a1b5d0716eb824e4b133e99a3c2b',0,1,'admin',1,'','',0.00,0.00,0,'',NULL,'',0,'建设','6217907000022022014',2,NULL,'/uploads/front/20200225/60d440f03dd928df186b8f2cae99bc4f.jpg','/uploads/reverse/20200225/f54b8c13b2db6700f8064145355a0633.jpg','',2,'510503198701080916','111',0,1,'','',NULL,NULL,0,0,NULL,'',0,1,1,5,0.00,5,1582621259,1603950404,NULL),(9,'17371296953','Giao','21a0a1b5d0716eb824e4b133e99a3c2b',0,1,'admin',0,'','',0.00,0.00,0,'',NULL,'',0,'123','123',2,NULL,'','','',2,NULL,'123',0,1,'','',NULL,NULL,0,0,NULL,'',0,1,2,5,0.00,9999,1582771060,1603950356,NULL),(10,'13548788782','马哥','d11b2c957a2e19d86e48decfada4b875',0,1,'admin',0,'','',0.00,0.00,0,'',NULL,'',800,'','',2,NULL,'','','',3,NULL,'',0,1,'110000','110100',NULL,NULL,0,0,NULL,'',0,1,1,5,0.00,1000000,1603950793,1603958612,NULL);
/*!40000 ALTER TABLE `sd_users` ENABLE KEYS */;
UNLOCK TABLES;

--
-- Table structure for table `sd_withdraw`
--

DROP TABLE IF EXISTS `sd_withdraw`;
/*!40101 SET @saved_cs_client     = @@character_set_client */;
/*!40101 SET character_set_client = utf8 */;
CREATE TABLE `sd_withdraw` (
  `id` int(11) NOT NULL AUTO_INCREMENT COMMENT '提现申请表',
  `user_id` int(11) DEFAULT '0' COMMENT '用户id',
  `user_type` tinyint(1) DEFAULT NULL COMMENT '用户类型',
  `money` decimal(10,2) DEFAULT '0.00' COMMENT '提现金额',
  `pic` varchar(255) DEFAULT NULL COMMENT '收款码截图',
  `remarks` varchar(255) CHARACTER SET utf8 COLLATE utf8_bin DEFAULT NULL COMMENT '提现备注',
  `op_name` varchar(50) DEFAULT NULL COMMENT '操作人',
  `status` tinyint(1) DEFAULT '0' COMMENT '提现状态 0申请中 1申请成功 2申请失败',
  `type_id` tinyint(4) DEFAULT NULL COMMENT '收款方式 1微信 2支付宝 3转账',
  `delete_time` int(10) DEFAULT NULL,
  `create_time` int(10) DEFAULT '0' COMMENT '申请日期',
  `update_time` int(10) DEFAULT NULL,
  PRIMARY KEY (`id`),
  KEY `user_id` (`user_id`)
) ENGINE=InnoDB AUTO_INCREMENT=4 DEFAULT CHARSET=utf8 COMMENT='提现申请表';
/*!40101 SET character_set_client = @saved_cs_client */;

--
-- Dumping data for table `sd_withdraw`
--

LOCK TABLES `sd_withdraw` WRITE;
/*!40000 ALTER TABLE `sd_withdraw` DISABLE KEYS */;
INSERT INTO `sd_withdraw` VALUES (1,1,1,10.00,NULL,NULL,NULL,0,1,NULL,1575168369,NULL),(2,1,1,10.00,NULL,NULL,NULL,0,1,NULL,1575168408,NULL),(3,1,1,10.00,NULL,NULL,NULL,0,1,NULL,1575168478,NULL);
/*!40000 ALTER TABLE `sd_withdraw` ENABLE KEYS */;
UNLOCK TABLES;

--
-- Table structure for table `sd_work_order`
--

DROP TABLE IF EXISTS `sd_work_order`;
/*!40101 SET @saved_cs_client     = @@character_set_client */;
/*!40101 SET character_set_client = utf8 */;
CREATE TABLE `sd_work_order` (
  `id` int(11) NOT NULL AUTO_INCREMENT COMMENT '表id',
  `type` tinyint(4) DEFAULT '1' COMMENT '工单类型 1提问 2反馈 3讨论 4分享',
  `superior_id` int(10) DEFAULT '0' COMMENT '上级联盟ID',
  `user_id` int(10) NOT NULL COMMENT '用户ID',
  `user_name` varchar(50) NOT NULL COMMENT '用户姓名',
  `user_type` tinyint(1) NOT NULL DEFAULT '1' COMMENT '用户类型 1业务员 2商家 3管理员',
  `title` varchar(255) NOT NULL COMMENT '标题',
  `content` text NOT NULL COMMENT '内容',
  `status` tinyint(1) DEFAULT '0' COMMENT '状态 0未分配 1处理中 2已处理',
  `speed` tinyint(4) DEFAULT '0' COMMENT '工单处理进度',
  `create_time` int(10) DEFAULT '0' COMMENT '创建时间',
  `accept_time` int(10) DEFAULT NULL COMMENT '受理时间',
  `end_time` int(10) DEFAULT NULL COMMENT '结束工单时间',
  `accept_userid` int(10) DEFAULT NULL COMMENT '受理人ID',
  `accept_name` varchar(50) DEFAULT NULL COMMENT '受理人名称',
  PRIMARY KEY (`id`),
  KEY `superior_id` (`superior_id`),
  KEY `user_id` (`user_id`)
) ENGINE=InnoDB AUTO_INCREMENT=6 DEFAULT CHARSET=utf8 COMMENT='工单系统表';
/*!40101 SET character_set_client = @saved_cs_client */;

--
-- Dumping data for table `sd_work_order`
--

LOCK TABLES `sd_work_order` WRITE;
/*!40000 ALTER TABLE `sd_work_order` DISABLE KEYS */;
INSERT INTO `sd_work_order` VALUES (1,1,1,1,'xiaoxin',1,'现在这个系统到底怎么样呢？现在这个系统到底怎么样呢','<p>现在这个系统到底怎么样呢？现在这个系统到底怎么样呢？现在这个系统到底怎么样呢？现在这个系统到底怎么样呢？现在这个系统到底怎么样呢？现在这个系统到底怎么样呢？现在这个系统到底怎么样呢？</p>',1,0,1573981404,1574392120,NULL,2,'xiaoxiaoxin'),(2,1,0,1,'xiaoxin',2,'这个是新的系统吗？？？','<p>这个是新的系统吗？？？这个是新的系统吗？？？这个是新的系统吗？？？这个是新的系统吗？？？这个是新的系统吗？？？这个是新的系统吗？？？这个是新的系统吗？？？这个是新的系统吗？？？这个是新的系统吗？？？这个是新的系统吗？？？这个是新的系统吗？？？这个是新的系统吗？？？这个是新的系统吗？？？这个是新的系统吗？？？这个是新的系统吗？？？这个是新的系统吗？？？这个是新的系统吗？？？这个是新的系统吗？？？这个是新的系统吗？？？这个是新的系统吗？？？这个是新的系统吗？？？这个是新的系统吗？？？这个是新的系统吗？？？这个是新的系统吗？？？</p>',0,0,1574232835,NULL,NULL,NULL,NULL),(3,2,1,1,'黄小新',1,'在要要顶替工一在要基左在','<p>“当前，世界多极化、经济全球化、文化多样化、社会信息化深入发展，人类社会充满希望。同时，国际形势的不稳定性不确定性更加突出，人类面临的全球性挑战更加严峻，需要世界各国齐心协力、共同应对。”\n\n2019年，习近平主席先后7次出访，主持4次主场外交，以坚定自信的政治气魄、大国领袖的责任担当，深入思考人类前途命运，从容书写外交华章，有力提升了中国的感召力和影响力。央视网《联播+》梳理相关讲话，以飨读者。</p>',1,0,1575194757,1593508537,NULL,2,'xiaoxiaoxin'),(4,3,0,1,'shi001',2,'#饿鬼出没#YABA先生请全南加州人民吃螃蟹','<p>43热敷的</p>',0,0,1603950965,NULL,NULL,NULL,NULL),(5,2,1,10,'马哥',1,'以后会后悔','<p>虎踞关</p>',2,100,1603952882,1603952906,NULL,1,'admin');
/*!40000 ALTER TABLE `sd_work_order` ENABLE KEYS */;
UNLOCK TABLES;
/*!40103 SET TIME_ZONE=@OLD_TIME_ZONE */;

/*!40101 SET SQL_MODE=@OLD_SQL_MODE */;
/*!40014 SET FOREIGN_KEY_CHECKS=@OLD_FOREIGN_KEY_CHECKS */;
/*!40014 SET UNIQUE_CHECKS=@OLD_UNIQUE_CHECKS */;
/*!40101 SET CHARACTER_SET_CLIENT=@OLD_CHARACTER_SET_CLIENT */;
/*!40101 SET CHARACTER_SET_RESULTS=@OLD_CHARACTER_SET_RESULTS */;
/*!40101 SET COLLATION_CONNECTION=@OLD_COLLATION_CONNECTION */;
/*!40111 SET SQL_NOTES=@OLD_SQL_NOTES */;

-- Dump completed on 2020-10-30 11:30:17
